id,path,r0,r1,c0,c1
0,/home/dziurawy-beret/dataset_final/00022_FINAL.png,136,332,303,499
1,/home/dziurawy-beret/dataset_final/00022_FINAL.png,195,391,130,326
2,/home/dziurawy-beret/dataset_final/00022_FINAL.png,189,385,418,614
3,/home/dziurawy-beret/dataset_final/00022_FINAL.png,147,343,106,302
4,/home/dziurawy-beret/dataset_final/00022_FINAL.png,491,687,407,603
5,/home/dziurawy-beret/dataset_final/00022_FINAL.png,305,501,711,907
6,/home/dziurawy-beret/dataset_final/00022_FINAL.png,225,421,725,921
7,/home/dziurawy-beret/dataset_final/00022_FINAL.png,499,695,304,500
8,/home/dziurawy-beret/dataset_final/00022_FINAL.png,477,673,242,438
9,/home/dziurawy-beret/dataset_final/00022_FINAL.png,529,725,744,940
10,/home/dziurawy-beret/dataset_final/00022_FINAL.png,208,404,361,557
11,/home/dziurawy-beret/dataset_final/00022_FINAL.png,147,343,434,630
12,/home/dziurawy-beret/dataset_final/00022_FINAL.png,56,252,578,774
13,/home/dziurawy-beret/dataset_final/00022_FINAL.png,407,603,95,291
14,/home/dziurawy-beret/dataset_final/00022_FINAL.png,431,627,130,326
15,/home/dziurawy-beret/dataset_final/00022_FINAL.png,50,246,734,930
16,/home/dziurawy-beret/dataset_final/00022_FINAL.png,291,487,436,632
17,/home/dziurawy-beret/dataset_final/00022_FINAL.png,449,645,165,361
18,/home/dziurawy-beret/dataset_final/00022_FINAL.png,325,521,235,431
19,/home/dziurawy-beret/dataset_final/00022_FINAL.png,161,357,749,945
20,/home/dziurawy-beret/dataset_final/00022_FINAL.png,178,374,407,603
21,/home/dziurawy-beret/dataset_final/00022_FINAL.png,82,278,514,710
22,/home/dziurawy-beret/dataset_final/00022_FINAL.png,517,713,219,415
23,/home/dziurawy-beret/dataset_final/00022_FINAL.png,189,385,241,437
24,/home/dziurawy-beret/dataset_final/00022_FINAL.png,325,521,575,771
25,/home/dziurawy-beret/dataset_final/00022_FINAL.png,345,541,680,876
26,/home/dziurawy-beret/dataset_final/00022_FINAL.png,397,593,397,593
27,/home/dziurawy-beret/dataset_final/00022_FINAL.png,556,752,158,354
28,/home/dziurawy-beret/dataset_final/00022_FINAL.png,401,597,489,685
29,/home/dziurawy-beret/dataset_final/00022_FINAL.png,93,289,534,730
30,/home/dziurawy-beret/dataset_final/00022_FINAL.png,129,325,731,927
31,/home/dziurawy-beret/dataset_final/00022_FINAL.png,273,469,824,1020
32,/home/dziurawy-beret/dataset_final/00022_FINAL.png,113,309,28,224
33,/home/dziurawy-beret/dataset_final/00022_FINAL.png,504,700,218,414
34,/home/dziurawy-beret/dataset_final/00022_FINAL.png,228,424,747,943
35,/home/dziurawy-beret/dataset_final/00022_FINAL.png,177,373,29,225
36,/home/dziurawy-beret/dataset_final/00022_FINAL.png,274,470,677,873
37,/home/dziurawy-beret/dataset_final/00022_FINAL.png,182,378,539,735
38,/home/dziurawy-beret/dataset_final/00022_FINAL.png,329,525,36,232
39,/home/dziurawy-beret/dataset_final/00022_FINAL.png,24,220,371,567
40,/home/dziurawy-beret/dataset_final/00022_FINAL.png,124,320,221,417
41,/home/dziurawy-beret/dataset_final/00022_FINAL.png,391,587,175,371
42,/home/dziurawy-beret/dataset_final/00022_FINAL.png,461,657,509,705
43,/home/dziurawy-beret/dataset_final/00022_FINAL.png,153,349,630,826
44,/home/dziurawy-beret/dataset_final/00022_FINAL.png,233,429,456,652
45,/home/dziurawy-beret/dataset_final/00022_FINAL.png,400,596,84,280
46,/home/dziurawy-beret/dataset_final/00022_FINAL.png,161,357,575,771
47,/home/dziurawy-beret/dataset_final/00022_FINAL.png,118,314,103,299
48,/home/dziurawy-beret/dataset_final/00022_FINAL.png,239,435,325,521
49,/home/dziurawy-beret/dataset_final/00022_FINAL.png,276,472,144,340
50,/home/dziurawy-beret/dataset_final/00022_FINAL.png,49,245,86,282
51,/home/dziurawy-beret/dataset_final/00022_FINAL.png,176,372,399,595
52,/home/dziurawy-beret/dataset_final/00022_FINAL.png,525,721,767,963
53,/home/dziurawy-beret/dataset_final/00022_FINAL.png,532,728,124,320
54,/home/dziurawy-beret/dataset_final/00022_FINAL.png,28,224,387,583
55,/home/dziurawy-beret/dataset_final/00022_FINAL.png,544,740,785,981
56,/home/dziurawy-beret/dataset_final/00022_FINAL.png,117,313,701,897
57,/home/dziurawy-beret/dataset_final/00022_FINAL.png,127,323,35,231
58,/home/dziurawy-beret/dataset_final/00022_FINAL.png,509,705,571,767
59,/home/dziurawy-beret/dataset_final/00022_FINAL.png,348,544,481,677
60,/home/dziurawy-beret/dataset_final/00022_FINAL.png,445,641,104,300
61,/home/dziurawy-beret/dataset_final/00022_FINAL.png,466,662,614,810
62,/home/dziurawy-beret/dataset_final/00022_FINAL.png,409,605,605,801
63,/home/dziurawy-beret/dataset_final/00022_FINAL.png,350,546,740,936
64,/home/dziurawy-beret/dataset_final/00022_FINAL.png,158,354,749,945
65,/home/dziurawy-beret/dataset_final/00022_FINAL.png,558,754,667,863
66,/home/dziurawy-beret/dataset_final/00022_FINAL.png,35,231,287,483
67,/home/dziurawy-beret/dataset_final/00022_FINAL.png,357,553,505,701
68,/home/dziurawy-beret/dataset_final/00022_FINAL.png,524,720,291,487
69,/home/dziurawy-beret/dataset_final/00022_FINAL.png,107,303,586,782
70,/home/dziurawy-beret/dataset_final/00022_FINAL.png,275,471,484,680
71,/home/dziurawy-beret/dataset_final/00022_FINAL.png,62,258,481,677
72,/home/dziurawy-beret/dataset_final/00022_FINAL.png,171,367,439,635
73,/home/dziurawy-beret/dataset_final/00022_FINAL.png,562,758,26,222
74,/home/dziurawy-beret/dataset_final/00022_FINAL.png,384,580,668,864
75,/home/dziurawy-beret/dataset_final/00022_FINAL.png,198,394,704,900
76,/home/dziurawy-beret/dataset_final/00022_FINAL.png,421,617,206,402
77,/home/dziurawy-beret/dataset_final/00022_FINAL.png,51,247,397,593
78,/home/dziurawy-beret/dataset_final/00022_FINAL.png,513,709,804,1000
79,/home/dziurawy-beret/dataset_final/00022_FINAL.png,281,477,658,854
80,/home/dziurawy-beret/dataset_final/00022_FINAL.png,213,409,333,529
81,/home/dziurawy-beret/dataset_final/00022_FINAL.png,130,326,37,233
82,/home/dziurawy-beret/dataset_final/00022_FINAL.png,417,613,165,361
83,/home/dziurawy-beret/dataset_final/00022_FINAL.png,513,709,269,465
84,/home/dziurawy-beret/dataset_final/00022_FINAL.png,350,546,700,896
85,/home/dziurawy-beret/dataset_final/00022_FINAL.png,307,503,778,974
86,/home/dziurawy-beret/dataset_final/00022_FINAL.png,528,724,378,574
87,/home/dziurawy-beret/dataset_final/00022_FINAL.png,292,488,98,294
88,/home/dziurawy-beret/dataset_final/00022_FINAL.png,327,523,403,599
89,/home/dziurawy-beret/dataset_final/00022_FINAL.png,490,686,456,652
90,/home/dziurawy-beret/dataset_final/00023_FINAL.png,231,427,101,297
91,/home/dziurawy-beret/dataset_final/00023_FINAL.png,520,716,160,356
92,/home/dziurawy-beret/dataset_final/00023_FINAL.png,191,387,216,412
93,/home/dziurawy-beret/dataset_final/00023_FINAL.png,47,243,503,699
94,/home/dziurawy-beret/dataset_final/00023_FINAL.png,178,374,334,530
95,/home/dziurawy-beret/dataset_final/00023_FINAL.png,364,560,564,760
96,/home/dziurawy-beret/dataset_final/00023_FINAL.png,447,643,172,368
97,/home/dziurawy-beret/dataset_final/00023_FINAL.png,572,768,632,828
98,/home/dziurawy-beret/dataset_final/00023_FINAL.png,100,296,721,917
99,/home/dziurawy-beret/dataset_final/00023_FINAL.png,474,670,527,723
100,/home/dziurawy-beret/dataset_final/00023_FINAL.png,259,455,229,425
101,/home/dziurawy-beret/dataset_final/00023_FINAL.png,458,654,713,909
102,/home/dziurawy-beret/dataset_final/00023_FINAL.png,325,521,278,474
103,/home/dziurawy-beret/dataset_final/00023_FINAL.png,61,257,586,782
104,/home/dziurawy-beret/dataset_final/00023_FINAL.png,376,572,353,549
105,/home/dziurawy-beret/dataset_final/00023_FINAL.png,562,758,251,447
106,/home/dziurawy-beret/dataset_final/00023_FINAL.png,397,593,207,403
107,/home/dziurawy-beret/dataset_final/00023_FINAL.png,327,523,267,463
108,/home/dziurawy-beret/dataset_final/00023_FINAL.png,325,521,779,975
109,/home/dziurawy-beret/dataset_final/00023_FINAL.png,203,399,328,524
110,/home/dziurawy-beret/dataset_final/00023_FINAL.png,508,704,819,1015
111,/home/dziurawy-beret/dataset_final/00023_FINAL.png,176,372,275,471
112,/home/dziurawy-beret/dataset_final/00023_FINAL.png,405,601,59,255
113,/home/dziurawy-beret/dataset_final/00023_FINAL.png,504,700,111,307
114,/home/dziurawy-beret/dataset_final/00023_FINAL.png,546,742,176,372
115,/home/dziurawy-beret/dataset_final/00023_FINAL.png,16,212,762,958
116,/home/dziurawy-beret/dataset_final/00023_FINAL.png,379,575,512,708
117,/home/dziurawy-beret/dataset_final/00023_FINAL.png,303,499,82,278
118,/home/dziurawy-beret/dataset_final/00023_FINAL.png,252,448,183,379
119,/home/dziurawy-beret/dataset_final/00023_FINAL.png,360,556,18,214
120,/home/dziurawy-beret/dataset_final/00023_FINAL.png,151,347,36,232
121,/home/dziurawy-beret/dataset_final/00023_FINAL.png,568,764,372,568
122,/home/dziurawy-beret/dataset_final/00023_FINAL.png,347,543,456,652
123,/home/dziurawy-beret/dataset_final/00023_FINAL.png,318,514,450,646
124,/home/dziurawy-beret/dataset_final/00023_FINAL.png,125,321,727,923
125,/home/dziurawy-beret/dataset_final/00023_FINAL.png,329,525,552,748
126,/home/dziurawy-beret/dataset_final/00023_FINAL.png,545,741,665,861
127,/home/dziurawy-beret/dataset_final/00023_FINAL.png,298,494,220,416
128,/home/dziurawy-beret/dataset_final/00023_FINAL.png,438,634,263,459
129,/home/dziurawy-beret/dataset_final/00023_FINAL.png,379,575,824,1020
130,/home/dziurawy-beret/dataset_final/00023_FINAL.png,496,692,739,935
131,/home/dziurawy-beret/dataset_final/00023_FINAL.png,475,671,48,244
132,/home/dziurawy-beret/dataset_final/00023_FINAL.png,429,625,430,626
133,/home/dziurawy-beret/dataset_final/00023_FINAL.png,543,739,788,984
134,/home/dziurawy-beret/dataset_final/00023_FINAL.png,229,425,765,961
135,/home/dziurawy-beret/dataset_final/00023_FINAL.png,332,528,201,397
136,/home/dziurawy-beret/dataset_final/00023_FINAL.png,131,327,222,418
137,/home/dziurawy-beret/dataset_final/00023_FINAL.png,355,551,54,250
138,/home/dziurawy-beret/dataset_final/00023_FINAL.png,279,475,270,466
139,/home/dziurawy-beret/dataset_final/00023_FINAL.png,237,433,569,765
140,/home/dziurawy-beret/dataset_final/00023_FINAL.png,451,647,507,703
141,/home/dziurawy-beret/dataset_final/00023_FINAL.png,126,322,627,823
142,/home/dziurawy-beret/dataset_final/00023_FINAL.png,263,459,554,750
143,/home/dziurawy-beret/dataset_final/00023_FINAL.png,292,488,443,639
144,/home/dziurawy-beret/dataset_final/00023_FINAL.png,520,716,213,409
145,/home/dziurawy-beret/dataset_final/00023_FINAL.png,462,658,77,273
146,/home/dziurawy-beret/dataset_final/00023_FINAL.png,314,510,555,751
147,/home/dziurawy-beret/dataset_final/00023_FINAL.png,367,563,387,583
148,/home/dziurawy-beret/dataset_final/00023_FINAL.png,467,663,539,735
149,/home/dziurawy-beret/dataset_final/00023_FINAL.png,348,544,412,608
150,/home/dziurawy-beret/dataset_final/00023_FINAL.png,75,271,341,537
151,/home/dziurawy-beret/dataset_final/00023_FINAL.png,365,561,774,970
152,/home/dziurawy-beret/dataset_final/00023_FINAL.png,0,196,148,344
153,/home/dziurawy-beret/dataset_final/00023_FINAL.png,78,274,263,459
154,/home/dziurawy-beret/dataset_final/00023_FINAL.png,19,215,806,1002
155,/home/dziurawy-beret/dataset_final/00023_FINAL.png,513,709,597,793
156,/home/dziurawy-beret/dataset_final/00023_FINAL.png,395,591,825,1021
157,/home/dziurawy-beret/dataset_final/00023_FINAL.png,65,261,105,301
158,/home/dziurawy-beret/dataset_final/00023_FINAL.png,22,218,408,604
159,/home/dziurawy-beret/dataset_final/00023_FINAL.png,331,527,612,808
160,/home/dziurawy-beret/dataset_final/00023_FINAL.png,422,618,146,342
161,/home/dziurawy-beret/dataset_final/00023_FINAL.png,475,671,533,729
162,/home/dziurawy-beret/dataset_final/00023_FINAL.png,405,601,264,460
163,/home/dziurawy-beret/dataset_final/00023_FINAL.png,353,549,462,658
164,/home/dziurawy-beret/dataset_final/00023_FINAL.png,557,753,758,954
165,/home/dziurawy-beret/dataset_final/00023_FINAL.png,562,758,15,211
166,/home/dziurawy-beret/dataset_final/00023_FINAL.png,520,716,675,871
167,/home/dziurawy-beret/dataset_final/00023_FINAL.png,71,267,513,709
168,/home/dziurawy-beret/dataset_final/00023_FINAL.png,186,382,299,495
169,/home/dziurawy-beret/dataset_final/00023_FINAL.png,501,697,16,212
170,/home/dziurawy-beret/dataset_final/00023_FINAL.png,333,529,369,565
171,/home/dziurawy-beret/dataset_final/00023_FINAL.png,123,319,397,593
172,/home/dziurawy-beret/dataset_final/00023_FINAL.png,116,312,305,501
173,/home/dziurawy-beret/dataset_final/00023_FINAL.png,545,741,659,855
174,/home/dziurawy-beret/dataset_final/00023_FINAL.png,516,712,474,670
175,/home/dziurawy-beret/dataset_final/00023_FINAL.png,329,525,258,454
176,/home/dziurawy-beret/dataset_final/00023_FINAL.png,176,372,748,944
177,/home/dziurawy-beret/dataset_final/00023_FINAL.png,153,349,775,971
178,/home/dziurawy-beret/dataset_final/00023_FINAL.png,263,459,803,999
179,/home/dziurawy-beret/dataset_final/00023_FINAL.png,562,758,676,872
180,/home/dziurawy-beret/dataset_final/00024_FINAL.png,499,695,493,689
181,/home/dziurawy-beret/dataset_final/00024_FINAL.png,75,271,135,331
182,/home/dziurawy-beret/dataset_final/00024_FINAL.png,166,362,595,791
183,/home/dziurawy-beret/dataset_final/00024_FINAL.png,144,340,674,870
184,/home/dziurawy-beret/dataset_final/00024_FINAL.png,488,684,186,382
185,/home/dziurawy-beret/dataset_final/00024_FINAL.png,322,518,468,664
186,/home/dziurawy-beret/dataset_final/00024_FINAL.png,19,215,673,869
187,/home/dziurawy-beret/dataset_final/00024_FINAL.png,28,224,587,783
188,/home/dziurawy-beret/dataset_final/00024_FINAL.png,549,745,309,505
189,/home/dziurawy-beret/dataset_final/00024_FINAL.png,80,276,526,722
190,/home/dziurawy-beret/dataset_final/00024_FINAL.png,56,252,188,384
191,/home/dziurawy-beret/dataset_final/00024_FINAL.png,102,298,213,409
192,/home/dziurawy-beret/dataset_final/00024_FINAL.png,469,665,290,486
193,/home/dziurawy-beret/dataset_final/00024_FINAL.png,70,266,701,897
194,/home/dziurawy-beret/dataset_final/00024_FINAL.png,373,569,115,311
195,/home/dziurawy-beret/dataset_final/00024_FINAL.png,301,497,537,733
196,/home/dziurawy-beret/dataset_final/00024_FINAL.png,492,688,527,723
197,/home/dziurawy-beret/dataset_final/00024_FINAL.png,408,604,692,888
198,/home/dziurawy-beret/dataset_final/00024_FINAL.png,407,603,355,551
199,/home/dziurawy-beret/dataset_final/00024_FINAL.png,428,624,313,509
200,/home/dziurawy-beret/dataset_final/00024_FINAL.png,370,566,400,596
201,/home/dziurawy-beret/dataset_final/00024_FINAL.png,247,443,421,617
202,/home/dziurawy-beret/dataset_final/00024_FINAL.png,222,418,71,267
203,/home/dziurawy-beret/dataset_final/00024_FINAL.png,41,237,584,780
204,/home/dziurawy-beret/dataset_final/00024_FINAL.png,490,686,291,487
205,/home/dziurawy-beret/dataset_final/00024_FINAL.png,446,642,783,979
206,/home/dziurawy-beret/dataset_final/00024_FINAL.png,72,268,202,398
207,/home/dziurawy-beret/dataset_final/00024_FINAL.png,97,293,547,743
208,/home/dziurawy-beret/dataset_final/00024_FINAL.png,412,608,701,897
209,/home/dziurawy-beret/dataset_final/00024_FINAL.png,506,702,694,890
210,/home/dziurawy-beret/dataset_final/00024_FINAL.png,31,227,550,746
211,/home/dziurawy-beret/dataset_final/00024_FINAL.png,207,403,43,239
212,/home/dziurawy-beret/dataset_final/00024_FINAL.png,446,642,403,599
213,/home/dziurawy-beret/dataset_final/00024_FINAL.png,232,428,393,589
214,/home/dziurawy-beret/dataset_final/00024_FINAL.png,374,570,402,598
215,/home/dziurawy-beret/dataset_final/00024_FINAL.png,293,489,78,274
216,/home/dziurawy-beret/dataset_final/00024_FINAL.png,370,566,313,509
217,/home/dziurawy-beret/dataset_final/00024_FINAL.png,87,283,466,662
218,/home/dziurawy-beret/dataset_final/00024_FINAL.png,387,583,457,653
219,/home/dziurawy-beret/dataset_final/00024_FINAL.png,393,589,792,988
220,/home/dziurawy-beret/dataset_final/00024_FINAL.png,437,633,168,364
221,/home/dziurawy-beret/dataset_final/00024_FINAL.png,502,698,451,647
222,/home/dziurawy-beret/dataset_final/00024_FINAL.png,469,665,716,912
223,/home/dziurawy-beret/dataset_final/00024_FINAL.png,122,318,672,868
224,/home/dziurawy-beret/dataset_final/00024_FINAL.png,435,631,184,380
225,/home/dziurawy-beret/dataset_final/00024_FINAL.png,262,458,371,567
226,/home/dziurawy-beret/dataset_final/00024_FINAL.png,520,716,760,956
227,/home/dziurawy-beret/dataset_final/00024_FINAL.png,333,529,747,943
228,/home/dziurawy-beret/dataset_final/00024_FINAL.png,315,511,522,718
229,/home/dziurawy-beret/dataset_final/00024_FINAL.png,537,733,797,993
230,/home/dziurawy-beret/dataset_final/00024_FINAL.png,562,758,339,535
231,/home/dziurawy-beret/dataset_final/00024_FINAL.png,335,531,164,360
232,/home/dziurawy-beret/dataset_final/00024_FINAL.png,367,563,801,997
233,/home/dziurawy-beret/dataset_final/00024_FINAL.png,568,764,199,395
234,/home/dziurawy-beret/dataset_final/00024_FINAL.png,142,338,703,899
235,/home/dziurawy-beret/dataset_final/00024_FINAL.png,148,344,572,768
236,/home/dziurawy-beret/dataset_final/00024_FINAL.png,122,318,716,912
237,/home/dziurawy-beret/dataset_final/00024_FINAL.png,477,673,251,447
238,/home/dziurawy-beret/dataset_final/00024_FINAL.png,313,509,150,346
239,/home/dziurawy-beret/dataset_final/00024_FINAL.png,223,419,763,959
240,/home/dziurawy-beret/dataset_final/00024_FINAL.png,134,330,21,217
241,/home/dziurawy-beret/dataset_final/00024_FINAL.png,356,552,136,332
242,/home/dziurawy-beret/dataset_final/00024_FINAL.png,329,525,554,750
243,/home/dziurawy-beret/dataset_final/00024_FINAL.png,274,470,180,376
244,/home/dziurawy-beret/dataset_final/00024_FINAL.png,465,661,579,775
245,/home/dziurawy-beret/dataset_final/00024_FINAL.png,107,303,809,1005
246,/home/dziurawy-beret/dataset_final/00024_FINAL.png,509,705,614,810
247,/home/dziurawy-beret/dataset_final/00024_FINAL.png,309,505,808,1004
248,/home/dziurawy-beret/dataset_final/00024_FINAL.png,507,703,638,834
249,/home/dziurawy-beret/dataset_final/00024_FINAL.png,282,478,324,520
250,/home/dziurawy-beret/dataset_final/00024_FINAL.png,154,350,444,640
251,/home/dziurawy-beret/dataset_final/00024_FINAL.png,348,544,686,882
252,/home/dziurawy-beret/dataset_final/00024_FINAL.png,519,715,810,1006
253,/home/dziurawy-beret/dataset_final/00024_FINAL.png,143,339,282,478
254,/home/dziurawy-beret/dataset_final/00024_FINAL.png,282,478,106,302
255,/home/dziurawy-beret/dataset_final/00024_FINAL.png,164,360,240,436
256,/home/dziurawy-beret/dataset_final/00024_FINAL.png,14,210,260,456
257,/home/dziurawy-beret/dataset_final/00024_FINAL.png,354,550,158,354
258,/home/dziurawy-beret/dataset_final/00024_FINAL.png,405,601,648,844
259,/home/dziurawy-beret/dataset_final/00024_FINAL.png,201,397,240,436
260,/home/dziurawy-beret/dataset_final/00024_FINAL.png,30,226,27,223
261,/home/dziurawy-beret/dataset_final/00024_FINAL.png,87,283,342,538
262,/home/dziurawy-beret/dataset_final/00024_FINAL.png,334,530,320,516
263,/home/dziurawy-beret/dataset_final/00024_FINAL.png,118,314,8,204
264,/home/dziurawy-beret/dataset_final/00024_FINAL.png,44,240,522,718
265,/home/dziurawy-beret/dataset_final/00024_FINAL.png,497,693,166,362
266,/home/dziurawy-beret/dataset_final/00024_FINAL.png,113,309,230,426
267,/home/dziurawy-beret/dataset_final/00024_FINAL.png,430,626,243,439
268,/home/dziurawy-beret/dataset_final/00024_FINAL.png,15,211,92,288
269,/home/dziurawy-beret/dataset_final/00024_FINAL.png,123,319,23,219
270,/home/dziurawy-beret/dataset_final/00025_FINAL.png,18,214,17,213
271,/home/dziurawy-beret/dataset_final/00025_FINAL.png,24,220,751,947
272,/home/dziurawy-beret/dataset_final/00025_FINAL.png,252,448,409,605
273,/home/dziurawy-beret/dataset_final/00025_FINAL.png,295,491,140,336
274,/home/dziurawy-beret/dataset_final/00025_FINAL.png,294,490,313,509
275,/home/dziurawy-beret/dataset_final/00025_FINAL.png,160,356,468,664
276,/home/dziurawy-beret/dataset_final/00025_FINAL.png,187,383,423,619
277,/home/dziurawy-beret/dataset_final/00025_FINAL.png,365,561,214,410
278,/home/dziurawy-beret/dataset_final/00025_FINAL.png,207,403,764,960
279,/home/dziurawy-beret/dataset_final/00025_FINAL.png,530,726,502,698
280,/home/dziurawy-beret/dataset_final/00025_FINAL.png,150,346,725,921
281,/home/dziurawy-beret/dataset_final/00025_FINAL.png,250,446,302,498
282,/home/dziurawy-beret/dataset_final/00025_FINAL.png,149,345,157,353
283,/home/dziurawy-beret/dataset_final/00025_FINAL.png,168,364,103,299
284,/home/dziurawy-beret/dataset_final/00025_FINAL.png,531,727,369,565
285,/home/dziurawy-beret/dataset_final/00025_FINAL.png,503,699,476,672
286,/home/dziurawy-beret/dataset_final/00025_FINAL.png,435,631,112,308
287,/home/dziurawy-beret/dataset_final/00025_FINAL.png,557,753,655,851
288,/home/dziurawy-beret/dataset_final/00025_FINAL.png,514,710,735,931
289,/home/dziurawy-beret/dataset_final/00025_FINAL.png,203,399,36,232
290,/home/dziurawy-beret/dataset_final/00025_FINAL.png,510,706,578,774
291,/home/dziurawy-beret/dataset_final/00025_FINAL.png,3,199,587,783
292,/home/dziurawy-beret/dataset_final/00025_FINAL.png,429,625,60,256
293,/home/dziurawy-beret/dataset_final/00025_FINAL.png,253,449,601,797
294,/home/dziurawy-beret/dataset_final/00025_FINAL.png,324,520,650,846
295,/home/dziurawy-beret/dataset_final/00025_FINAL.png,36,232,53,249
296,/home/dziurawy-beret/dataset_final/00025_FINAL.png,440,636,480,676
297,/home/dziurawy-beret/dataset_final/00025_FINAL.png,391,587,10,206
298,/home/dziurawy-beret/dataset_final/00025_FINAL.png,141,337,443,639
299,/home/dziurawy-beret/dataset_final/00025_FINAL.png,361,557,403,599
300,/home/dziurawy-beret/dataset_final/00025_FINAL.png,342,538,761,957
301,/home/dziurawy-beret/dataset_final/00025_FINAL.png,301,497,513,709
302,/home/dziurawy-beret/dataset_final/00025_FINAL.png,150,346,548,744
303,/home/dziurawy-beret/dataset_final/00025_FINAL.png,492,688,304,500
304,/home/dziurawy-beret/dataset_final/00025_FINAL.png,142,338,520,716
305,/home/dziurawy-beret/dataset_final/00025_FINAL.png,32,228,442,638
306,/home/dziurawy-beret/dataset_final/00025_FINAL.png,413,609,682,878
307,/home/dziurawy-beret/dataset_final/00025_FINAL.png,268,464,92,288
308,/home/dziurawy-beret/dataset_final/00025_FINAL.png,347,543,585,781
309,/home/dziurawy-beret/dataset_final/00025_FINAL.png,288,484,140,336
310,/home/dziurawy-beret/dataset_final/00025_FINAL.png,308,504,286,482
311,/home/dziurawy-beret/dataset_final/00025_FINAL.png,12,208,572,768
312,/home/dziurawy-beret/dataset_final/00025_FINAL.png,348,544,628,824
313,/home/dziurawy-beret/dataset_final/00025_FINAL.png,160,356,65,261
314,/home/dziurawy-beret/dataset_final/00025_FINAL.png,80,276,408,604
315,/home/dziurawy-beret/dataset_final/00025_FINAL.png,194,390,755,951
316,/home/dziurawy-beret/dataset_final/00025_FINAL.png,366,562,112,308
317,/home/dziurawy-beret/dataset_final/00025_FINAL.png,170,366,585,781
318,/home/dziurawy-beret/dataset_final/00025_FINAL.png,41,237,33,229
319,/home/dziurawy-beret/dataset_final/00025_FINAL.png,557,753,139,335
320,/home/dziurawy-beret/dataset_final/00025_FINAL.png,150,346,183,379
321,/home/dziurawy-beret/dataset_final/00025_FINAL.png,356,552,190,386
322,/home/dziurawy-beret/dataset_final/00025_FINAL.png,326,522,291,487
323,/home/dziurawy-beret/dataset_final/00025_FINAL.png,484,680,194,390
324,/home/dziurawy-beret/dataset_final/00025_FINAL.png,438,634,521,717
325,/home/dziurawy-beret/dataset_final/00025_FINAL.png,386,582,185,381
326,/home/dziurawy-beret/dataset_final/00025_FINAL.png,340,536,408,604
327,/home/dziurawy-beret/dataset_final/00025_FINAL.png,232,428,529,725
328,/home/dziurawy-beret/dataset_final/00025_FINAL.png,20,216,722,918
329,/home/dziurawy-beret/dataset_final/00025_FINAL.png,108,304,49,245
330,/home/dziurawy-beret/dataset_final/00025_FINAL.png,495,691,497,693
331,/home/dziurawy-beret/dataset_final/00025_FINAL.png,259,455,104,300
332,/home/dziurawy-beret/dataset_final/00025_FINAL.png,510,706,127,323
333,/home/dziurawy-beret/dataset_final/00025_FINAL.png,14,210,331,527
334,/home/dziurawy-beret/dataset_final/00025_FINAL.png,333,529,39,235
335,/home/dziurawy-beret/dataset_final/00025_FINAL.png,299,495,71,267
336,/home/dziurawy-beret/dataset_final/00025_FINAL.png,60,256,446,642
337,/home/dziurawy-beret/dataset_final/00025_FINAL.png,274,470,727,923
338,/home/dziurawy-beret/dataset_final/00025_FINAL.png,458,654,90,286
339,/home/dziurawy-beret/dataset_final/00025_FINAL.png,529,725,531,727
340,/home/dziurawy-beret/dataset_final/00025_FINAL.png,372,568,693,889
341,/home/dziurawy-beret/dataset_final/00025_FINAL.png,528,724,543,739
342,/home/dziurawy-beret/dataset_final/00025_FINAL.png,492,688,268,464
343,/home/dziurawy-beret/dataset_final/00025_FINAL.png,526,722,442,638
344,/home/dziurawy-beret/dataset_final/00025_FINAL.png,130,326,150,346
345,/home/dziurawy-beret/dataset_final/00025_FINAL.png,308,504,348,544
346,/home/dziurawy-beret/dataset_final/00025_FINAL.png,72,268,560,756
347,/home/dziurawy-beret/dataset_final/00025_FINAL.png,124,320,404,600
348,/home/dziurawy-beret/dataset_final/00025_FINAL.png,45,241,461,657
349,/home/dziurawy-beret/dataset_final/00025_FINAL.png,554,750,549,745
350,/home/dziurawy-beret/dataset_final/00025_FINAL.png,472,668,156,352
351,/home/dziurawy-beret/dataset_final/00025_FINAL.png,345,541,61,257
352,/home/dziurawy-beret/dataset_final/00025_FINAL.png,306,502,448,644
353,/home/dziurawy-beret/dataset_final/00025_FINAL.png,515,711,249,445
354,/home/dziurawy-beret/dataset_final/00025_FINAL.png,33,229,518,714
355,/home/dziurawy-beret/dataset_final/00025_FINAL.png,158,354,226,422
356,/home/dziurawy-beret/dataset_final/00025_FINAL.png,428,624,595,791
357,/home/dziurawy-beret/dataset_final/00025_FINAL.png,49,245,85,281
358,/home/dziurawy-beret/dataset_final/00025_FINAL.png,511,707,264,460
359,/home/dziurawy-beret/dataset_final/00025_FINAL.png,85,281,270,466
360,/home/dziurawy-beret/dataset_final/00026_FINAL.png,306,502,371,567
361,/home/dziurawy-beret/dataset_final/00026_FINAL.png,465,661,414,610
362,/home/dziurawy-beret/dataset_final/00026_FINAL.png,154,350,97,293
363,/home/dziurawy-beret/dataset_final/00026_FINAL.png,61,257,742,938
364,/home/dziurawy-beret/dataset_final/00026_FINAL.png,363,559,446,642
365,/home/dziurawy-beret/dataset_final/00026_FINAL.png,23,219,335,531
366,/home/dziurawy-beret/dataset_final/00026_FINAL.png,479,675,455,651
367,/home/dziurawy-beret/dataset_final/00026_FINAL.png,492,688,29,225
368,/home/dziurawy-beret/dataset_final/00026_FINAL.png,226,422,362,558
369,/home/dziurawy-beret/dataset_final/00026_FINAL.png,133,329,715,911
370,/home/dziurawy-beret/dataset_final/00026_FINAL.png,439,635,143,339
371,/home/dziurawy-beret/dataset_final/00026_FINAL.png,368,564,614,810
372,/home/dziurawy-beret/dataset_final/00026_FINAL.png,471,667,252,448
373,/home/dziurawy-beret/dataset_final/00026_FINAL.png,126,322,809,1005
374,/home/dziurawy-beret/dataset_final/00026_FINAL.png,270,466,268,464
375,/home/dziurawy-beret/dataset_final/00026_FINAL.png,202,398,652,848
376,/home/dziurawy-beret/dataset_final/00026_FINAL.png,331,527,698,894
377,/home/dziurawy-beret/dataset_final/00026_FINAL.png,416,612,480,676
378,/home/dziurawy-beret/dataset_final/00026_FINAL.png,118,314,34,230
379,/home/dziurawy-beret/dataset_final/00026_FINAL.png,238,434,213,409
380,/home/dziurawy-beret/dataset_final/00026_FINAL.png,174,370,533,729
381,/home/dziurawy-beret/dataset_final/00026_FINAL.png,159,355,780,976
382,/home/dziurawy-beret/dataset_final/00026_FINAL.png,338,534,486,682
383,/home/dziurawy-beret/dataset_final/00026_FINAL.png,362,558,88,284
384,/home/dziurawy-beret/dataset_final/00026_FINAL.png,239,435,489,685
385,/home/dziurawy-beret/dataset_final/00026_FINAL.png,372,568,230,426
386,/home/dziurawy-beret/dataset_final/00026_FINAL.png,58,254,334,530
387,/home/dziurawy-beret/dataset_final/00026_FINAL.png,470,666,115,311
388,/home/dziurawy-beret/dataset_final/00026_FINAL.png,89,285,57,253
389,/home/dziurawy-beret/dataset_final/00026_FINAL.png,270,466,495,691
390,/home/dziurawy-beret/dataset_final/00026_FINAL.png,258,454,582,778
391,/home/dziurawy-beret/dataset_final/00026_FINAL.png,132,328,696,892
392,/home/dziurawy-beret/dataset_final/00026_FINAL.png,29,225,752,948
393,/home/dziurawy-beret/dataset_final/00026_FINAL.png,471,667,735,931
394,/home/dziurawy-beret/dataset_final/00026_FINAL.png,354,550,311,507
395,/home/dziurawy-beret/dataset_final/00026_FINAL.png,22,218,214,410
396,/home/dziurawy-beret/dataset_final/00026_FINAL.png,321,517,764,960
397,/home/dziurawy-beret/dataset_final/00026_FINAL.png,310,506,38,234
398,/home/dziurawy-beret/dataset_final/00026_FINAL.png,75,271,453,649
399,/home/dziurawy-beret/dataset_final/00026_FINAL.png,162,358,459,655
400,/home/dziurawy-beret/dataset_final/00026_FINAL.png,79,275,472,668
401,/home/dziurawy-beret/dataset_final/00026_FINAL.png,136,332,808,1004
402,/home/dziurawy-beret/dataset_final/00026_FINAL.png,370,566,165,361
403,/home/dziurawy-beret/dataset_final/00026_FINAL.png,339,535,187,383
404,/home/dziurawy-beret/dataset_final/00026_FINAL.png,434,630,261,457
405,/home/dziurawy-beret/dataset_final/00026_FINAL.png,294,490,84,280
406,/home/dziurawy-beret/dataset_final/00026_FINAL.png,262,458,790,986
407,/home/dziurawy-beret/dataset_final/00026_FINAL.png,208,404,258,454
408,/home/dziurawy-beret/dataset_final/00026_FINAL.png,514,710,74,270
409,/home/dziurawy-beret/dataset_final/00026_FINAL.png,412,608,541,737
410,/home/dziurawy-beret/dataset_final/00026_FINAL.png,232,428,779,975
411,/home/dziurawy-beret/dataset_final/00026_FINAL.png,443,639,749,945
412,/home/dziurawy-beret/dataset_final/00026_FINAL.png,186,382,482,678
413,/home/dziurawy-beret/dataset_final/00026_FINAL.png,228,424,58,254
414,/home/dziurawy-beret/dataset_final/00026_FINAL.png,323,519,684,880
415,/home/dziurawy-beret/dataset_final/00026_FINAL.png,329,525,742,938
416,/home/dziurawy-beret/dataset_final/00026_FINAL.png,185,381,680,876
417,/home/dziurawy-beret/dataset_final/00026_FINAL.png,487,683,575,771
418,/home/dziurawy-beret/dataset_final/00026_FINAL.png,320,516,322,518
419,/home/dziurawy-beret/dataset_final/00026_FINAL.png,371,567,418,614
420,/home/dziurawy-beret/dataset_final/00026_FINAL.png,364,560,107,303
421,/home/dziurawy-beret/dataset_final/00026_FINAL.png,284,480,778,974
422,/home/dziurawy-beret/dataset_final/00026_FINAL.png,19,215,737,933
423,/home/dziurawy-beret/dataset_final/00026_FINAL.png,125,321,692,888
424,/home/dziurawy-beret/dataset_final/00026_FINAL.png,29,225,20,216
425,/home/dziurawy-beret/dataset_final/00026_FINAL.png,506,702,731,927
426,/home/dziurawy-beret/dataset_final/00026_FINAL.png,556,752,134,330
427,/home/dziurawy-beret/dataset_final/00026_FINAL.png,541,737,348,544
428,/home/dziurawy-beret/dataset_final/00026_FINAL.png,287,483,285,481
429,/home/dziurawy-beret/dataset_final/00026_FINAL.png,57,253,528,724
430,/home/dziurawy-beret/dataset_final/00026_FINAL.png,48,244,585,781
431,/home/dziurawy-beret/dataset_final/00026_FINAL.png,130,326,427,623
432,/home/dziurawy-beret/dataset_final/00026_FINAL.png,70,266,381,577
433,/home/dziurawy-beret/dataset_final/00026_FINAL.png,52,248,358,554
434,/home/dziurawy-beret/dataset_final/00026_FINAL.png,104,300,322,518
435,/home/dziurawy-beret/dataset_final/00026_FINAL.png,470,666,299,495
436,/home/dziurawy-beret/dataset_final/00026_FINAL.png,324,520,804,1000
437,/home/dziurawy-beret/dataset_final/00026_FINAL.png,465,661,416,612
438,/home/dziurawy-beret/dataset_final/00026_FINAL.png,214,410,59,255
439,/home/dziurawy-beret/dataset_final/00026_FINAL.png,23,219,337,533
440,/home/dziurawy-beret/dataset_final/00026_FINAL.png,389,585,676,872
441,/home/dziurawy-beret/dataset_final/00026_FINAL.png,247,443,240,436
442,/home/dziurawy-beret/dataset_final/00026_FINAL.png,518,714,825,1021
443,/home/dziurawy-beret/dataset_final/00026_FINAL.png,282,478,17,213
444,/home/dziurawy-beret/dataset_final/00026_FINAL.png,154,350,213,409
445,/home/dziurawy-beret/dataset_final/00026_FINAL.png,312,508,383,579
446,/home/dziurawy-beret/dataset_final/00026_FINAL.png,44,240,768,964
447,/home/dziurawy-beret/dataset_final/00026_FINAL.png,313,509,221,417
448,/home/dziurawy-beret/dataset_final/00026_FINAL.png,276,472,136,332
449,/home/dziurawy-beret/dataset_final/00026_FINAL.png,166,362,687,883
450,/home/dziurawy-beret/dataset_final/00027_FINAL.png,378,574,64,260
451,/home/dziurawy-beret/dataset_final/00027_FINAL.png,276,472,41,237
452,/home/dziurawy-beret/dataset_final/00027_FINAL.png,142,338,175,371
453,/home/dziurawy-beret/dataset_final/00027_FINAL.png,115,311,23,219
454,/home/dziurawy-beret/dataset_final/00027_FINAL.png,490,686,216,412
455,/home/dziurawy-beret/dataset_final/00027_FINAL.png,124,320,3,199
456,/home/dziurawy-beret/dataset_final/00027_FINAL.png,84,280,340,536
457,/home/dziurawy-beret/dataset_final/00027_FINAL.png,104,300,290,486
458,/home/dziurawy-beret/dataset_final/00027_FINAL.png,364,560,543,739
459,/home/dziurawy-beret/dataset_final/00027_FINAL.png,378,574,194,390
460,/home/dziurawy-beret/dataset_final/00027_FINAL.png,178,374,216,412
461,/home/dziurawy-beret/dataset_final/00027_FINAL.png,189,385,530,726
462,/home/dziurawy-beret/dataset_final/00027_FINAL.png,411,607,36,232
463,/home/dziurawy-beret/dataset_final/00027_FINAL.png,338,534,547,743
464,/home/dziurawy-beret/dataset_final/00027_FINAL.png,448,644,627,823
465,/home/dziurawy-beret/dataset_final/00027_FINAL.png,488,684,164,360
466,/home/dziurawy-beret/dataset_final/00027_FINAL.png,424,620,50,246
467,/home/dziurawy-beret/dataset_final/00027_FINAL.png,246,442,167,363
468,/home/dziurawy-beret/dataset_final/00027_FINAL.png,120,316,258,454
469,/home/dziurawy-beret/dataset_final/00027_FINAL.png,37,233,89,285
470,/home/dziurawy-beret/dataset_final/00027_FINAL.png,435,631,628,824
471,/home/dziurawy-beret/dataset_final/00027_FINAL.png,392,588,311,507
472,/home/dziurawy-beret/dataset_final/00027_FINAL.png,424,620,764,960
473,/home/dziurawy-beret/dataset_final/00027_FINAL.png,430,626,213,409
474,/home/dziurawy-beret/dataset_final/00027_FINAL.png,560,756,660,856
475,/home/dziurawy-beret/dataset_final/00027_FINAL.png,327,523,204,400
476,/home/dziurawy-beret/dataset_final/00027_FINAL.png,460,656,363,559
477,/home/dziurawy-beret/dataset_final/00027_FINAL.png,511,707,374,570
478,/home/dziurawy-beret/dataset_final/00027_FINAL.png,308,504,818,1014
479,/home/dziurawy-beret/dataset_final/00027_FINAL.png,447,643,230,426
480,/home/dziurawy-beret/dataset_final/00027_FINAL.png,413,609,524,720
481,/home/dziurawy-beret/dataset_final/00027_FINAL.png,338,534,157,353
482,/home/dziurawy-beret/dataset_final/00027_FINAL.png,48,244,17,213
483,/home/dziurawy-beret/dataset_final/00027_FINAL.png,227,423,227,423
484,/home/dziurawy-beret/dataset_final/00027_FINAL.png,240,436,810,1006
485,/home/dziurawy-beret/dataset_final/00027_FINAL.png,570,766,354,550
486,/home/dziurawy-beret/dataset_final/00027_FINAL.png,180,376,97,293
487,/home/dziurawy-beret/dataset_final/00027_FINAL.png,310,506,406,602
488,/home/dziurawy-beret/dataset_final/00027_FINAL.png,79,275,719,915
489,/home/dziurawy-beret/dataset_final/00027_FINAL.png,65,261,621,817
490,/home/dziurawy-beret/dataset_final/00027_FINAL.png,238,434,98,294
491,/home/dziurawy-beret/dataset_final/00027_FINAL.png,239,435,134,330
492,/home/dziurawy-beret/dataset_final/00027_FINAL.png,375,571,685,881
493,/home/dziurawy-beret/dataset_final/00027_FINAL.png,352,548,6,202
494,/home/dziurawy-beret/dataset_final/00027_FINAL.png,426,622,696,892
495,/home/dziurawy-beret/dataset_final/00027_FINAL.png,377,573,659,855
496,/home/dziurawy-beret/dataset_final/00027_FINAL.png,273,469,532,728
497,/home/dziurawy-beret/dataset_final/00027_FINAL.png,500,696,86,282
498,/home/dziurawy-beret/dataset_final/00027_FINAL.png,288,484,666,862
499,/home/dziurawy-beret/dataset_final/00027_FINAL.png,294,490,186,382
500,/home/dziurawy-beret/dataset_final/00027_FINAL.png,510,706,485,681
501,/home/dziurawy-beret/dataset_final/00027_FINAL.png,351,547,276,472
502,/home/dziurawy-beret/dataset_final/00027_FINAL.png,98,294,90,286
503,/home/dziurawy-beret/dataset_final/00027_FINAL.png,56,252,355,551
504,/home/dziurawy-beret/dataset_final/00027_FINAL.png,162,358,467,663
505,/home/dziurawy-beret/dataset_final/00027_FINAL.png,381,577,485,681
506,/home/dziurawy-beret/dataset_final/00027_FINAL.png,192,388,532,728
507,/home/dziurawy-beret/dataset_final/00027_FINAL.png,188,384,294,490
508,/home/dziurawy-beret/dataset_final/00027_FINAL.png,31,227,193,389
509,/home/dziurawy-beret/dataset_final/00027_FINAL.png,314,510,206,402
510,/home/dziurawy-beret/dataset_final/00027_FINAL.png,280,476,272,468
511,/home/dziurawy-beret/dataset_final/00027_FINAL.png,558,754,304,500
512,/home/dziurawy-beret/dataset_final/00027_FINAL.png,229,425,800,996
513,/home/dziurawy-beret/dataset_final/00027_FINAL.png,347,543,135,331
514,/home/dziurawy-beret/dataset_final/00027_FINAL.png,91,287,634,830
515,/home/dziurawy-beret/dataset_final/00027_FINAL.png,496,692,662,858
516,/home/dziurawy-beret/dataset_final/00027_FINAL.png,314,510,411,607
517,/home/dziurawy-beret/dataset_final/00027_FINAL.png,331,527,738,934
518,/home/dziurawy-beret/dataset_final/00027_FINAL.png,341,537,632,828
519,/home/dziurawy-beret/dataset_final/00027_FINAL.png,180,376,593,789
520,/home/dziurawy-beret/dataset_final/00027_FINAL.png,305,501,316,512
521,/home/dziurawy-beret/dataset_final/00027_FINAL.png,571,767,40,236
522,/home/dziurawy-beret/dataset_final/00027_FINAL.png,18,214,272,468
523,/home/dziurawy-beret/dataset_final/00027_FINAL.png,163,359,621,817
524,/home/dziurawy-beret/dataset_final/00027_FINAL.png,441,637,47,243
525,/home/dziurawy-beret/dataset_final/00027_FINAL.png,257,453,200,396
526,/home/dziurawy-beret/dataset_final/00027_FINAL.png,527,723,651,847
527,/home/dziurawy-beret/dataset_final/00027_FINAL.png,552,748,672,868
528,/home/dziurawy-beret/dataset_final/00027_FINAL.png,176,372,15,211
529,/home/dziurawy-beret/dataset_final/00027_FINAL.png,479,675,229,425
530,/home/dziurawy-beret/dataset_final/00027_FINAL.png,5,201,759,955
531,/home/dziurawy-beret/dataset_final/00027_FINAL.png,563,759,552,748
532,/home/dziurawy-beret/dataset_final/00027_FINAL.png,348,544,792,988
533,/home/dziurawy-beret/dataset_final/00027_FINAL.png,162,358,818,1014
534,/home/dziurawy-beret/dataset_final/00027_FINAL.png,196,392,410,606
535,/home/dziurawy-beret/dataset_final/00027_FINAL.png,356,552,826,1022
536,/home/dziurawy-beret/dataset_final/00027_FINAL.png,388,584,387,583
537,/home/dziurawy-beret/dataset_final/00027_FINAL.png,54,250,656,852
538,/home/dziurawy-beret/dataset_final/00027_FINAL.png,217,413,380,576
539,/home/dziurawy-beret/dataset_final/00027_FINAL.png,205,401,252,448
540,/home/dziurawy-beret/dataset_final/00027_FINAL.png,146,342,167,363
541,/home/dziurawy-beret/dataset_final/00027_FINAL.png,71,267,546,742
542,/home/dziurawy-beret/dataset_final/00027_FINAL.png,84,280,577,773
543,/home/dziurawy-beret/dataset_final/00027_FINAL.png,365,561,368,564
544,/home/dziurawy-beret/dataset_final/00027_FINAL.png,117,313,695,891
545,/home/dziurawy-beret/dataset_final/00027_FINAL.png,181,377,160,356
546,/home/dziurawy-beret/dataset_final/00027_FINAL.png,202,398,801,997
547,/home/dziurawy-beret/dataset_final/00027_FINAL.png,541,737,478,674
548,/home/dziurawy-beret/dataset_final/00027_FINAL.png,329,525,203,399
549,/home/dziurawy-beret/dataset_final/00027_FINAL.png,81,277,222,418
550,/home/dziurawy-beret/dataset_final/00027_FINAL.png,26,222,171,367
551,/home/dziurawy-beret/dataset_final/00027_FINAL.png,265,461,199,395
552,/home/dziurawy-beret/dataset_final/00027_FINAL.png,161,357,24,220
553,/home/dziurawy-beret/dataset_final/00027_FINAL.png,534,730,577,773
554,/home/dziurawy-beret/dataset_final/00027_FINAL.png,410,606,74,270
555,/home/dziurawy-beret/dataset_final/00027_FINAL.png,175,371,361,557
556,/home/dziurawy-beret/dataset_final/00027_FINAL.png,475,671,626,822
557,/home/dziurawy-beret/dataset_final/00027_FINAL.png,406,602,102,298
558,/home/dziurawy-beret/dataset_final/00027_FINAL.png,52,248,74,270
559,/home/dziurawy-beret/dataset_final/00027_FINAL.png,391,587,827,1023
560,/home/dziurawy-beret/dataset_final/00027_FINAL.png,345,541,638,834
561,/home/dziurawy-beret/dataset_final/00027_FINAL.png,511,707,508,704
562,/home/dziurawy-beret/dataset_final/00027_FINAL.png,453,649,266,462
563,/home/dziurawy-beret/dataset_final/00027_FINAL.png,222,418,571,767
564,/home/dziurawy-beret/dataset_final/00027_FINAL.png,348,544,404,600
565,/home/dziurawy-beret/dataset_final/00027_FINAL.png,489,685,357,553
566,/home/dziurawy-beret/dataset_final/00027_FINAL.png,543,739,61,257
567,/home/dziurawy-beret/dataset_final/00027_FINAL.png,296,492,73,269
568,/home/dziurawy-beret/dataset_final/00027_FINAL.png,122,318,398,594
569,/home/dziurawy-beret/dataset_final/00027_FINAL.png,536,732,146,342
570,/home/dziurawy-beret/dataset_final/00028_FINAL.png,343,539,445,641
571,/home/dziurawy-beret/dataset_final/00028_FINAL.png,133,329,269,465
572,/home/dziurawy-beret/dataset_final/00028_FINAL.png,571,767,321,517
573,/home/dziurawy-beret/dataset_final/00028_FINAL.png,405,601,737,933
574,/home/dziurawy-beret/dataset_final/00028_FINAL.png,120,316,229,425
575,/home/dziurawy-beret/dataset_final/00028_FINAL.png,253,449,720,916
576,/home/dziurawy-beret/dataset_final/00028_FINAL.png,363,559,98,294
577,/home/dziurawy-beret/dataset_final/00028_FINAL.png,303,499,66,262
578,/home/dziurawy-beret/dataset_final/00028_FINAL.png,125,321,427,623
579,/home/dziurawy-beret/dataset_final/00028_FINAL.png,82,278,108,304
580,/home/dziurawy-beret/dataset_final/00028_FINAL.png,144,340,358,554
581,/home/dziurawy-beret/dataset_final/00028_FINAL.png,58,254,20,216
582,/home/dziurawy-beret/dataset_final/00028_FINAL.png,122,318,675,871
583,/home/dziurawy-beret/dataset_final/00028_FINAL.png,139,335,729,925
584,/home/dziurawy-beret/dataset_final/00028_FINAL.png,312,508,611,807
585,/home/dziurawy-beret/dataset_final/00028_FINAL.png,380,576,421,617
586,/home/dziurawy-beret/dataset_final/00028_FINAL.png,191,387,295,491
587,/home/dziurawy-beret/dataset_final/00028_FINAL.png,218,414,794,990
588,/home/dziurawy-beret/dataset_final/00028_FINAL.png,211,407,698,894
589,/home/dziurawy-beret/dataset_final/00028_FINAL.png,197,393,359,555
590,/home/dziurawy-beret/dataset_final/00028_FINAL.png,170,366,136,332
591,/home/dziurawy-beret/dataset_final/00028_FINAL.png,560,756,515,711
592,/home/dziurawy-beret/dataset_final/00028_FINAL.png,232,428,776,972
593,/home/dziurawy-beret/dataset_final/00028_FINAL.png,458,654,587,783
594,/home/dziurawy-beret/dataset_final/00028_FINAL.png,273,469,790,986
595,/home/dziurawy-beret/dataset_final/00028_FINAL.png,261,457,518,714
596,/home/dziurawy-beret/dataset_final/00028_FINAL.png,306,502,603,799
597,/home/dziurawy-beret/dataset_final/00028_FINAL.png,143,339,434,630
598,/home/dziurawy-beret/dataset_final/00028_FINAL.png,79,275,212,408
599,/home/dziurawy-beret/dataset_final/00028_FINAL.png,278,474,667,863
600,/home/dziurawy-beret/dataset_final/00028_FINAL.png,458,654,104,300
601,/home/dziurawy-beret/dataset_final/00028_FINAL.png,123,319,219,415
602,/home/dziurawy-beret/dataset_final/00028_FINAL.png,44,240,560,756
603,/home/dziurawy-beret/dataset_final/00028_FINAL.png,251,447,535,731
604,/home/dziurawy-beret/dataset_final/00028_FINAL.png,397,593,598,794
605,/home/dziurawy-beret/dataset_final/00028_FINAL.png,283,479,98,294
606,/home/dziurawy-beret/dataset_final/00028_FINAL.png,128,324,712,908
607,/home/dziurawy-beret/dataset_final/00028_FINAL.png,230,426,477,673
608,/home/dziurawy-beret/dataset_final/00028_FINAL.png,21,217,497,693
609,/home/dziurawy-beret/dataset_final/00028_FINAL.png,458,654,401,597
610,/home/dziurawy-beret/dataset_final/00028_FINAL.png,527,723,249,445
611,/home/dziurawy-beret/dataset_final/00028_FINAL.png,88,284,269,465
612,/home/dziurawy-beret/dataset_final/00028_FINAL.png,546,742,143,339
613,/home/dziurawy-beret/dataset_final/00028_FINAL.png,278,474,748,944
614,/home/dziurawy-beret/dataset_final/00028_FINAL.png,172,368,268,464
615,/home/dziurawy-beret/dataset_final/00029_FINAL.png,324,520,405,601
616,/home/dziurawy-beret/dataset_final/00029_FINAL.png,111,307,755,951
617,/home/dziurawy-beret/dataset_final/00029_FINAL.png,409,605,30,226
618,/home/dziurawy-beret/dataset_final/00029_FINAL.png,417,613,660,856
619,/home/dziurawy-beret/dataset_final/00029_FINAL.png,331,527,607,803
620,/home/dziurawy-beret/dataset_final/00029_FINAL.png,438,634,430,626
621,/home/dziurawy-beret/dataset_final/00029_FINAL.png,383,579,819,1015
622,/home/dziurawy-beret/dataset_final/00029_FINAL.png,109,305,8,204
623,/home/dziurawy-beret/dataset_final/00029_FINAL.png,163,359,200,396
624,/home/dziurawy-beret/dataset_final/00029_FINAL.png,144,340,550,746
625,/home/dziurawy-beret/dataset_final/00029_FINAL.png,224,420,742,938
626,/home/dziurawy-beret/dataset_final/00029_FINAL.png,517,713,487,683
627,/home/dziurawy-beret/dataset_final/00029_FINAL.png,340,536,20,216
628,/home/dziurawy-beret/dataset_final/00029_FINAL.png,334,530,209,405
629,/home/dziurawy-beret/dataset_final/00029_FINAL.png,172,368,149,345
630,/home/dziurawy-beret/dataset_final/00029_FINAL.png,235,431,36,232
631,/home/dziurawy-beret/dataset_final/00029_FINAL.png,142,338,202,398
632,/home/dziurawy-beret/dataset_final/00029_FINAL.png,223,419,256,452
633,/home/dziurawy-beret/dataset_final/00029_FINAL.png,118,314,721,917
634,/home/dziurawy-beret/dataset_final/00029_FINAL.png,301,497,288,484
635,/home/dziurawy-beret/dataset_final/00029_FINAL.png,5,201,146,342
636,/home/dziurawy-beret/dataset_final/00029_FINAL.png,144,340,440,636
637,/home/dziurawy-beret/dataset_final/00029_FINAL.png,22,218,723,919
638,/home/dziurawy-beret/dataset_final/00029_FINAL.png,204,400,413,609
639,/home/dziurawy-beret/dataset_final/00029_FINAL.png,411,607,175,371
640,/home/dziurawy-beret/dataset_final/00029_FINAL.png,184,380,170,366
641,/home/dziurawy-beret/dataset_final/00029_FINAL.png,531,727,819,1015
642,/home/dziurawy-beret/dataset_final/00029_FINAL.png,24,220,377,573
643,/home/dziurawy-beret/dataset_final/00029_FINAL.png,444,640,9,205
644,/home/dziurawy-beret/dataset_final/00029_FINAL.png,108,304,92,288
645,/home/dziurawy-beret/dataset_final/00029_FINAL.png,487,683,774,970
646,/home/dziurawy-beret/dataset_final/00029_FINAL.png,73,269,162,358
647,/home/dziurawy-beret/dataset_final/00029_FINAL.png,0,196,540,736
648,/home/dziurawy-beret/dataset_final/00029_FINAL.png,176,372,700,896
649,/home/dziurawy-beret/dataset_final/00029_FINAL.png,143,339,122,318
650,/home/dziurawy-beret/dataset_final/00029_FINAL.png,170,366,374,570
651,/home/dziurawy-beret/dataset_final/00029_FINAL.png,396,592,403,599
652,/home/dziurawy-beret/dataset_final/00029_FINAL.png,548,744,137,333
653,/home/dziurawy-beret/dataset_final/00029_FINAL.png,438,634,60,256
654,/home/dziurawy-beret/dataset_final/00029_FINAL.png,288,484,552,748
655,/home/dziurawy-beret/dataset_final/00029_FINAL.png,295,491,115,311
656,/home/dziurawy-beret/dataset_final/00029_FINAL.png,368,564,485,681
657,/home/dziurawy-beret/dataset_final/00029_FINAL.png,549,745,364,560
658,/home/dziurawy-beret/dataset_final/00029_FINAL.png,41,237,318,514
659,/home/dziurawy-beret/dataset_final/00029_FINAL.png,106,302,142,338
660,/home/dziurawy-beret/dataset_final/00030_FINAL.png,33,229,41,237
661,/home/dziurawy-beret/dataset_final/00030_FINAL.png,167,363,154,350
662,/home/dziurawy-beret/dataset_final/00030_FINAL.png,245,441,373,569
663,/home/dziurawy-beret/dataset_final/00030_FINAL.png,471,667,556,752
664,/home/dziurawy-beret/dataset_final/00030_FINAL.png,387,583,318,514
665,/home/dziurawy-beret/dataset_final/00030_FINAL.png,11,207,258,454
666,/home/dziurawy-beret/dataset_final/00030_FINAL.png,521,717,313,509
667,/home/dziurawy-beret/dataset_final/00030_FINAL.png,76,272,623,819
668,/home/dziurawy-beret/dataset_final/00030_FINAL.png,78,274,593,789
669,/home/dziurawy-beret/dataset_final/00030_FINAL.png,182,378,350,546
670,/home/dziurawy-beret/dataset_final/00030_FINAL.png,285,481,672,868
671,/home/dziurawy-beret/dataset_final/00030_FINAL.png,85,281,49,245
672,/home/dziurawy-beret/dataset_final/00030_FINAL.png,58,254,246,442
673,/home/dziurawy-beret/dataset_final/00030_FINAL.png,383,579,687,883
674,/home/dziurawy-beret/dataset_final/00030_FINAL.png,106,302,813,1009
675,/home/dziurawy-beret/dataset_final/00030_FINAL.png,468,664,414,610
676,/home/dziurawy-beret/dataset_final/00030_FINAL.png,511,707,239,435
677,/home/dziurawy-beret/dataset_final/00030_FINAL.png,291,487,376,572
678,/home/dziurawy-beret/dataset_final/00030_FINAL.png,360,556,235,431
679,/home/dziurawy-beret/dataset_final/00030_FINAL.png,476,672,593,789
680,/home/dziurawy-beret/dataset_final/00030_FINAL.png,98,294,91,287
681,/home/dziurawy-beret/dataset_final/00030_FINAL.png,165,361,542,738
682,/home/dziurawy-beret/dataset_final/00030_FINAL.png,491,687,281,477
683,/home/dziurawy-beret/dataset_final/00030_FINAL.png,244,440,156,352
684,/home/dziurawy-beret/dataset_final/00030_FINAL.png,426,622,80,276
685,/home/dziurawy-beret/dataset_final/00030_FINAL.png,447,643,512,708
686,/home/dziurawy-beret/dataset_final/00030_FINAL.png,60,256,255,451
687,/home/dziurawy-beret/dataset_final/00030_FINAL.png,506,702,786,982
688,/home/dziurawy-beret/dataset_final/00030_FINAL.png,316,512,636,832
689,/home/dziurawy-beret/dataset_final/00030_FINAL.png,531,727,256,452
690,/home/dziurawy-beret/dataset_final/00030_FINAL.png,326,522,539,735
691,/home/dziurawy-beret/dataset_final/00030_FINAL.png,15,211,248,444
692,/home/dziurawy-beret/dataset_final/00030_FINAL.png,244,440,34,230
693,/home/dziurawy-beret/dataset_final/00030_FINAL.png,436,632,193,389
694,/home/dziurawy-beret/dataset_final/00030_FINAL.png,102,298,186,382
695,/home/dziurawy-beret/dataset_final/00030_FINAL.png,409,605,2,198
696,/home/dziurawy-beret/dataset_final/00030_FINAL.png,287,483,229,425
697,/home/dziurawy-beret/dataset_final/00030_FINAL.png,520,716,453,649
698,/home/dziurawy-beret/dataset_final/00030_FINAL.png,284,480,299,495
699,/home/dziurawy-beret/dataset_final/00030_FINAL.png,198,394,38,234
700,/home/dziurawy-beret/dataset_final/00030_FINAL.png,162,358,584,780
701,/home/dziurawy-beret/dataset_final/00030_FINAL.png,295,491,293,489
702,/home/dziurawy-beret/dataset_final/00030_FINAL.png,164,360,160,356
703,/home/dziurawy-beret/dataset_final/00030_FINAL.png,287,483,52,248
704,/home/dziurawy-beret/dataset_final/00030_FINAL.png,250,446,786,982
705,/home/dziurawy-beret/dataset_final/00031_FINAL.png,50,246,617,813
706,/home/dziurawy-beret/dataset_final/00031_FINAL.png,108,304,348,544
707,/home/dziurawy-beret/dataset_final/00031_FINAL.png,362,558,412,608
708,/home/dziurawy-beret/dataset_final/00031_FINAL.png,150,346,61,257
709,/home/dziurawy-beret/dataset_final/00031_FINAL.png,59,255,201,397
710,/home/dziurawy-beret/dataset_final/00031_FINAL.png,464,660,122,318
711,/home/dziurawy-beret/dataset_final/00031_FINAL.png,358,554,708,904
712,/home/dziurawy-beret/dataset_final/00031_FINAL.png,107,303,587,783
713,/home/dziurawy-beret/dataset_final/00031_FINAL.png,474,670,773,969
714,/home/dziurawy-beret/dataset_final/00031_FINAL.png,539,735,175,371
715,/home/dziurawy-beret/dataset_final/00031_FINAL.png,296,492,284,480
716,/home/dziurawy-beret/dataset_final/00031_FINAL.png,520,716,197,393
717,/home/dziurawy-beret/dataset_final/00031_FINAL.png,536,732,81,277
718,/home/dziurawy-beret/dataset_final/00031_FINAL.png,466,662,306,502
719,/home/dziurawy-beret/dataset_final/00031_FINAL.png,326,522,687,883
720,/home/dziurawy-beret/dataset_final/00031_FINAL.png,239,435,572,768
721,/home/dziurawy-beret/dataset_final/00031_FINAL.png,218,414,7,203
722,/home/dziurawy-beret/dataset_final/00031_FINAL.png,437,633,302,498
723,/home/dziurawy-beret/dataset_final/00031_FINAL.png,202,398,162,358
724,/home/dziurawy-beret/dataset_final/00031_FINAL.png,171,367,131,327
725,/home/dziurawy-beret/dataset_final/00031_FINAL.png,369,565,141,337
726,/home/dziurawy-beret/dataset_final/00031_FINAL.png,103,299,416,612
727,/home/dziurawy-beret/dataset_final/00031_FINAL.png,77,273,279,475
728,/home/dziurawy-beret/dataset_final/00031_FINAL.png,553,749,201,397
729,/home/dziurawy-beret/dataset_final/00031_FINAL.png,99,295,799,995
730,/home/dziurawy-beret/dataset_final/00031_FINAL.png,341,537,372,568
731,/home/dziurawy-beret/dataset_final/00031_FINAL.png,35,231,243,439
732,/home/dziurawy-beret/dataset_final/00031_FINAL.png,526,722,512,708
733,/home/dziurawy-beret/dataset_final/00031_FINAL.png,469,665,344,540
734,/home/dziurawy-beret/dataset_final/00031_FINAL.png,274,470,379,575
735,/home/dziurawy-beret/dataset_final/00031_FINAL.png,541,737,76,272
736,/home/dziurawy-beret/dataset_final/00031_FINAL.png,324,520,794,990
737,/home/dziurawy-beret/dataset_final/00031_FINAL.png,467,663,808,1004
738,/home/dziurawy-beret/dataset_final/00031_FINAL.png,174,370,626,822
739,/home/dziurawy-beret/dataset_final/00031_FINAL.png,206,402,62,258
740,/home/dziurawy-beret/dataset_final/00031_FINAL.png,479,675,302,498
741,/home/dziurawy-beret/dataset_final/00031_FINAL.png,304,500,35,231
742,/home/dziurawy-beret/dataset_final/00031_FINAL.png,429,625,597,793
743,/home/dziurawy-beret/dataset_final/00031_FINAL.png,313,509,205,401
744,/home/dziurawy-beret/dataset_final/00031_FINAL.png,34,230,231,427
745,/home/dziurawy-beret/dataset_final/00031_FINAL.png,257,453,65,261
746,/home/dziurawy-beret/dataset_final/00031_FINAL.png,351,547,336,532
747,/home/dziurawy-beret/dataset_final/00031_FINAL.png,415,611,384,580
748,/home/dziurawy-beret/dataset_final/00031_FINAL.png,367,563,409,605
749,/home/dziurawy-beret/dataset_final/00031_FINAL.png,490,686,13,209
750,/home/dziurawy-beret/dataset_final/00032_FINAL.png,248,444,758,954
751,/home/dziurawy-beret/dataset_final/00032_FINAL.png,34,230,824,1020
752,/home/dziurawy-beret/dataset_final/00032_FINAL.png,502,698,203,399
753,/home/dziurawy-beret/dataset_final/00032_FINAL.png,32,228,386,582
754,/home/dziurawy-beret/dataset_final/00032_FINAL.png,59,255,523,719
755,/home/dziurawy-beret/dataset_final/00032_FINAL.png,431,627,685,881
756,/home/dziurawy-beret/dataset_final/00032_FINAL.png,377,573,549,745
757,/home/dziurawy-beret/dataset_final/00032_FINAL.png,84,280,400,596
758,/home/dziurawy-beret/dataset_final/00032_FINAL.png,360,556,406,602
759,/home/dziurawy-beret/dataset_final/00032_FINAL.png,11,207,265,461
760,/home/dziurawy-beret/dataset_final/00032_FINAL.png,442,638,592,788
761,/home/dziurawy-beret/dataset_final/00032_FINAL.png,486,682,51,247
762,/home/dziurawy-beret/dataset_final/00032_FINAL.png,236,432,425,621
763,/home/dziurawy-beret/dataset_final/00032_FINAL.png,76,272,378,574
764,/home/dziurawy-beret/dataset_final/00032_FINAL.png,127,323,427,623
765,/home/dziurawy-beret/dataset_final/00032_FINAL.png,385,581,230,426
766,/home/dziurawy-beret/dataset_final/00032_FINAL.png,73,269,277,473
767,/home/dziurawy-beret/dataset_final/00032_FINAL.png,391,587,369,565
768,/home/dziurawy-beret/dataset_final/00032_FINAL.png,70,266,398,594
769,/home/dziurawy-beret/dataset_final/00032_FINAL.png,455,651,85,281
770,/home/dziurawy-beret/dataset_final/00032_FINAL.png,393,589,13,209
771,/home/dziurawy-beret/dataset_final/00032_FINAL.png,448,644,268,464
772,/home/dziurawy-beret/dataset_final/00032_FINAL.png,352,548,291,487
773,/home/dziurawy-beret/dataset_final/00032_FINAL.png,203,399,506,702
774,/home/dziurawy-beret/dataset_final/00032_FINAL.png,297,493,42,238
775,/home/dziurawy-beret/dataset_final/00032_FINAL.png,208,404,692,888
776,/home/dziurawy-beret/dataset_final/00032_FINAL.png,506,702,269,465
777,/home/dziurawy-beret/dataset_final/00032_FINAL.png,426,622,799,995
778,/home/dziurawy-beret/dataset_final/00032_FINAL.png,556,752,266,462
779,/home/dziurawy-beret/dataset_final/00032_FINAL.png,340,536,294,490
780,/home/dziurawy-beret/dataset_final/00032_FINAL.png,246,442,518,714
781,/home/dziurawy-beret/dataset_final/00032_FINAL.png,95,291,550,746
782,/home/dziurawy-beret/dataset_final/00032_FINAL.png,527,723,597,793
783,/home/dziurawy-beret/dataset_final/00032_FINAL.png,95,291,494,690
784,/home/dziurawy-beret/dataset_final/00032_FINAL.png,566,762,273,469
785,/home/dziurawy-beret/dataset_final/00032_FINAL.png,259,455,511,707
786,/home/dziurawy-beret/dataset_final/00032_FINAL.png,184,380,293,489
787,/home/dziurawy-beret/dataset_final/00032_FINAL.png,426,622,269,465
788,/home/dziurawy-beret/dataset_final/00032_FINAL.png,296,492,327,523
789,/home/dziurawy-beret/dataset_final/00032_FINAL.png,407,603,542,738
790,/home/dziurawy-beret/dataset_final/00032_FINAL.png,72,268,825,1021
791,/home/dziurawy-beret/dataset_final/00032_FINAL.png,321,517,673,869
792,/home/dziurawy-beret/dataset_final/00032_FINAL.png,138,334,334,530
793,/home/dziurawy-beret/dataset_final/00032_FINAL.png,423,619,138,334
794,/home/dziurawy-beret/dataset_final/00032_FINAL.png,189,385,696,892
