/home/dziurawy-beret/houzz_final/00000.jpg,
/home/dziurawy-beret/houzz_final/00001.jpg,
/home/dziurawy-beret/houzz_final/00002.jpg,
/home/dziurawy-beret/houzz_final/00003.jpg,
/home/dziurawy-beret/houzz_final/00004.jpg,
/home/dziurawy-beret/houzz_final/00005.jpg,
/home/dziurawy-beret/houzz_final/00006.jpg,
/home/dziurawy-beret/houzz_final/00007.jpg,
/home/dziurawy-beret/houzz_final/00008.jpg,
/home/dziurawy-beret/houzz_final/00009.jpg,
/home/dziurawy-beret/houzz_final/00010.jpg,
/home/dziurawy-beret/houzz_final/00011.jpg,
/home/dziurawy-beret/houzz_final/00012.jpg,
/home/dziurawy-beret/houzz_final/00013.jpg,
/home/dziurawy-beret/houzz_final/00014.jpg,
/home/dziurawy-beret/houzz_final/00015.jpg,
/home/dziurawy-beret/houzz_final/00016.jpg,
/home/dziurawy-beret/houzz_final/00017.jpg,
/home/dziurawy-beret/houzz_final/00018.jpg,
/home/dziurawy-beret/houzz_final/00019.jpg,
/home/dziurawy-beret/houzz_final/00020.jpg,
/home/dziurawy-beret/houzz_final/00021.jpg,
/home/dziurawy-beret/houzz_final/00022.jpg,
/home/dziurawy-beret/houzz_final/00023.jpg,
/home/dziurawy-beret/houzz_final/00024.jpg,
/home/dziurawy-beret/houzz_final/00025.jpg,
/home/dziurawy-beret/houzz_final/00026.jpg,
/home/dziurawy-beret/houzz_final/00027.jpg,
/home/dziurawy-beret/houzz_final/00028.jpg,
/home/dziurawy-beret/houzz_final/00029.jpg,
/home/dziurawy-beret/houzz_final/00030.jpg,
/home/dziurawy-beret/houzz_final/00031.jpg,
/home/dziurawy-beret/houzz_final/00032.jpg,
/home/dziurawy-beret/houzz_final/00033.jpg,
/home/dziurawy-beret/houzz_final/00034.jpg,
/home/dziurawy-beret/houzz_final/00035.jpg,
/home/dziurawy-beret/houzz_final/00036.jpg,
/home/dziurawy-beret/houzz_final/00037.jpg,
/home/dziurawy-beret/houzz_final/00038.jpg,
/home/dziurawy-beret/houzz_final/00039.jpg,
/home/dziurawy-beret/houzz_final/00040.jpg,
/home/dziurawy-beret/houzz_final/00041.jpg,
/home/dziurawy-beret/houzz_final/00042.jpg,
/home/dziurawy-beret/houzz_final/00043.jpg,
/home/dziurawy-beret/houzz_final/00044.jpg,
/home/dziurawy-beret/houzz_final/00045.jpg,
/home/dziurawy-beret/houzz_final/00046.jpg,
/home/dziurawy-beret/houzz_final/00047.jpg,
/home/dziurawy-beret/houzz_final/00048.jpg,
/home/dziurawy-beret/houzz_final/00049.jpg,
/home/dziurawy-beret/houzz_final/00050.jpg,
/home/dziurawy-beret/houzz_final/00051.jpg,
/home/dziurawy-beret/houzz_final/00052.jpg,
/home/dziurawy-beret/houzz_final/00053.jpg,
/home/dziurawy-beret/houzz_final/00054.jpg,
/home/dziurawy-beret/houzz_final/00055.jpg,
/home/dziurawy-beret/houzz_final/00056.jpg,
/home/dziurawy-beret/houzz_final/00057.jpg,
/home/dziurawy-beret/houzz_final/00058.jpg,
/home/dziurawy-beret/houzz_final/00059.jpg,
/home/dziurawy-beret/houzz_final/00060.jpg,
/home/dziurawy-beret/houzz_final/00061.jpg,
/home/dziurawy-beret/houzz_final/00062.jpg,
/home/dziurawy-beret/houzz_final/00063.jpg,
/home/dziurawy-beret/houzz_final/00064.jpg,
/home/dziurawy-beret/houzz_final/00065.jpg,
/home/dziurawy-beret/houzz_final/00066.jpg,
/home/dziurawy-beret/houzz_final/00067.jpg,
/home/dziurawy-beret/houzz_final/00068.jpg,
/home/dziurawy-beret/houzz_final/00069.jpg,
/home/dziurawy-beret/houzz_final/00070.jpg,
/home/dziurawy-beret/houzz_final/00071.jpg,
/home/dziurawy-beret/houzz_final/00072.jpg,
/home/dziurawy-beret/houzz_final/00073.jpg,
/home/dziurawy-beret/houzz_final/00074.jpg,
/home/dziurawy-beret/houzz_final/00075.jpg,
/home/dziurawy-beret/houzz_final/00076.jpg,
/home/dziurawy-beret/houzz_final/00077.jpg,
/home/dziurawy-beret/houzz_final/00078.jpg,
/home/dziurawy-beret/houzz_final/00079.jpg,
/home/dziurawy-beret/houzz_final/00080.jpg,
/home/dziurawy-beret/houzz_final/00081.jpg,
/home/dziurawy-beret/houzz_final/00082.jpg,
/home/dziurawy-beret/houzz_final/00083.jpg,
/home/dziurawy-beret/houzz_final/00084.jpg,
/home/dziurawy-beret/houzz_final/00085.jpg,
/home/dziurawy-beret/houzz_final/00086.jpg,
/home/dziurawy-beret/houzz_final/00087.jpg,
/home/dziurawy-beret/houzz_final/00088.jpg,
/home/dziurawy-beret/houzz_final/00089.jpg,
/home/dziurawy-beret/houzz_final/00090.jpg,
/home/dziurawy-beret/houzz_final/00091.jpg,
/home/dziurawy-beret/houzz_final/00092.jpg,
/home/dziurawy-beret/houzz_final/00093.jpg,
/home/dziurawy-beret/houzz_final/00094.jpg,
/home/dziurawy-beret/houzz_final/00095.jpg,
/home/dziurawy-beret/houzz_final/00096.jpg,
/home/dziurawy-beret/houzz_final/00097.jpg,
/home/dziurawy-beret/houzz_final/00098.jpg,
/home/dziurawy-beret/houzz_final/00099.jpg,
/home/dziurawy-beret/houzz_final/00100.jpg,
/home/dziurawy-beret/houzz_final/00000.jpg,
/home/dziurawy-beret/houzz_final/00001.jpg,
/home/dziurawy-beret/houzz_final/00002.jpg,
/home/dziurawy-beret/houzz_final/00003.jpg,
/home/dziurawy-beret/houzz_final/00004.jpg,
/home/dziurawy-beret/houzz_final/00005.jpg,
/home/dziurawy-beret/houzz_final/00006.jpg,
/home/dziurawy-beret/houzz_final/00007.jpg,
/home/dziurawy-beret/houzz_final/00008.jpg,
/home/dziurawy-beret/houzz_final/00009.jpg,
/home/dziurawy-beret/houzz_final/00010.jpg,
/home/dziurawy-beret/houzz_final/00011.jpg,
/home/dziurawy-beret/houzz_final/00012.jpg,
/home/dziurawy-beret/houzz_final/00013.jpg,
/home/dziurawy-beret/houzz_final/00014.jpg,
/home/dziurawy-beret/houzz_final/00015.jpg,
/home/dziurawy-beret/houzz_final/00016.jpg,
/home/dziurawy-beret/houzz_final/00017.jpg,
/home/dziurawy-beret/houzz_final/00018.jpg,
/home/dziurawy-beret/houzz_final/00019.jpg,
/home/dziurawy-beret/houzz_final/00020.jpg,
/home/dziurawy-beret/houzz_final/00021.jpg,
/home/dziurawy-beret/houzz_final/00022.jpg,
/home/dziurawy-beret/houzz_final/00023.jpg,
/home/dziurawy-beret/houzz_final/00024.jpg,
/home/dziurawy-beret/houzz_final/00025.jpg,
/home/dziurawy-beret/houzz_final/00026.jpg,
/home/dziurawy-beret/houzz_final/00027.jpg,
/home/dziurawy-beret/houzz_final/00028.jpg,
/home/dziurawy-beret/houzz_final/00029.jpg,
/home/dziurawy-beret/houzz_final/00030.jpg,
/home/dziurawy-beret/houzz_final/00031.jpg,
/home/dziurawy-beret/houzz_final/00032.jpg,
/home/dziurawy-beret/houzz_final/00033.jpg,
/home/dziurawy-beret/houzz_final/00034.jpg,
/home/dziurawy-beret/houzz_final/00035.jpg,
/home/dziurawy-beret/houzz_final/00036.jpg,
/home/dziurawy-beret/houzz_final/00037.jpg,
/home/dziurawy-beret/houzz_final/00038.jpg,
/home/dziurawy-beret/houzz_final/00039.jpg,
/home/dziurawy-beret/houzz_final/00040.jpg,
/home/dziurawy-beret/houzz_final/00041.jpg,
/home/dziurawy-beret/houzz_final/00042.jpg,
/home/dziurawy-beret/houzz_final/00043.jpg,
/home/dziurawy-beret/houzz_final/00044.jpg,
/home/dziurawy-beret/houzz_final/00045.jpg,
/home/dziurawy-beret/houzz_final/00046.jpg,
/home/dziurawy-beret/houzz_final/00047.jpg,
/home/dziurawy-beret/houzz_final/00048.jpg,
/home/dziurawy-beret/houzz_final/00049.jpg,
/home/dziurawy-beret/houzz_final/00050.jpg,
/home/dziurawy-beret/houzz_final/00051.jpg,
/home/dziurawy-beret/houzz_final/00052.jpg,
/home/dziurawy-beret/houzz_final/00053.jpg,
/home/dziurawy-beret/houzz_final/00054.jpg,
/home/dziurawy-beret/houzz_final/00055.jpg,
/home/dziurawy-beret/houzz_final/00056.jpg,
/home/dziurawy-beret/houzz_final/00057.jpg,
/home/dziurawy-beret/houzz_final/00058.jpg,
/home/dziurawy-beret/houzz_final/00059.jpg,
/home/dziurawy-beret/houzz_final/00060.jpg,
/home/dziurawy-beret/houzz_final/00061.jpg,
/home/dziurawy-beret/houzz_final/00062.jpg,
/home/dziurawy-beret/houzz_final/00063.jpg,
/home/dziurawy-beret/houzz_final/00064.jpg,
/home/dziurawy-beret/houzz_final/00065.jpg,
/home/dziurawy-beret/houzz_final/00066.jpg,
/home/dziurawy-beret/houzz_final/00067.jpg,
/home/dziurawy-beret/houzz_final/00068.jpg,
/home/dziurawy-beret/houzz_final/00069.jpg,
/home/dziurawy-beret/houzz_final/00070.jpg,
/home/dziurawy-beret/houzz_final/00071.jpg,
/home/dziurawy-beret/houzz_final/00072.jpg,
/home/dziurawy-beret/houzz_final/00073.jpg,
/home/dziurawy-beret/houzz_final/00074.jpg,
/home/dziurawy-beret/houzz_final/00075.jpg,
/home/dziurawy-beret/houzz_final/00076.jpg,
/home/dziurawy-beret/houzz_final/00077.jpg,
/home/dziurawy-beret/houzz_final/00078.jpg,
/home/dziurawy-beret/houzz_final/00079.jpg,
/home/dziurawy-beret/houzz_final/00080.jpg,
/home/dziurawy-beret/houzz_final/00081.jpg,
/home/dziurawy-beret/houzz_final/00082.jpg,
/home/dziurawy-beret/houzz_final/00083.jpg,
/home/dziurawy-beret/houzz_final/00084.jpg,
/home/dziurawy-beret/houzz_final/00085.jpg,
/home/dziurawy-beret/houzz_final/00086.jpg,
/home/dziurawy-beret/houzz_final/00087.jpg,
/home/dziurawy-beret/houzz_final/00088.jpg,
/home/dziurawy-beret/houzz_final/00089.jpg,
/home/dziurawy-beret/houzz_final/00090.jpg,
/home/dziurawy-beret/houzz_final/00091.jpg,
/home/dziurawy-beret/houzz_final/00092.jpg,
/home/dziurawy-beret/houzz_final/00093.jpg,
/home/dziurawy-beret/houzz_final/00094.jpg,
/home/dziurawy-beret/houzz_final/00095.jpg,
/home/dziurawy-beret/houzz_final/00096.jpg,
/home/dziurawy-beret/houzz_final/00097.jpg,
/home/dziurawy-beret/houzz_final/00098.jpg,
/home/dziurawy-beret/houzz_final/00099.jpg,
/home/dziurawy-beret/houzz_final/00100.jpg,
