/home/dziurawy-beret/batch/*-0.png,
/home/dziurawy-beret/batch/*-100.png,
/home/dziurawy-beret/batch/*-101.png,
/home/dziurawy-beret/batch/*-102.png,
/home/dziurawy-beret/batch/*-103.png,
/home/dziurawy-beret/batch/*-104.png,
/home/dziurawy-beret/batch/*-105.png,
/home/dziurawy-beret/batch/*-106.png,
/home/dziurawy-beret/batch/*-107.png,
/home/dziurawy-beret/batch/*-108.png,
/home/dziurawy-beret/batch/*-109.png,
/home/dziurawy-beret/batch/*-10.png,
/home/dziurawy-beret/batch/*-110.png,
/home/dziurawy-beret/batch/*-111.png,
/home/dziurawy-beret/batch/*-112.png,
/home/dziurawy-beret/batch/*-113.png,
/home/dziurawy-beret/batch/*-114.png,
/home/dziurawy-beret/batch/*-115.png,
/home/dziurawy-beret/batch/*-116.png,
/home/dziurawy-beret/batch/*-117.png,
/home/dziurawy-beret/batch/*-118.png,
/home/dziurawy-beret/batch/*-119.png,
/home/dziurawy-beret/batch/*-11.png,
/home/dziurawy-beret/batch/*-120.png,
/home/dziurawy-beret/batch/*-121.png,
/home/dziurawy-beret/batch/*-122.png,
/home/dziurawy-beret/batch/*-123.png,
/home/dziurawy-beret/batch/*-124.png,
/home/dziurawy-beret/batch/*-125.png,
/home/dziurawy-beret/batch/*-126.png,
/home/dziurawy-beret/batch/*-127.png,
/home/dziurawy-beret/batch/*-128.png,
/home/dziurawy-beret/batch/*-129.png,
/home/dziurawy-beret/batch/*-12.png,
/home/dziurawy-beret/batch/*-130.png,
/home/dziurawy-beret/batch/*-131.png,
/home/dziurawy-beret/batch/*-132.png,
/home/dziurawy-beret/batch/*-133.png,
/home/dziurawy-beret/batch/*-134.png,
/home/dziurawy-beret/batch/*-135.png,
/home/dziurawy-beret/batch/*-136.png,
/home/dziurawy-beret/batch/*-137.png,
/home/dziurawy-beret/batch/*-138.png,
/home/dziurawy-beret/batch/*-139.png,
/home/dziurawy-beret/batch/*-13.png,
/home/dziurawy-beret/batch/*-140.png,
/home/dziurawy-beret/batch/*-141.png,
/home/dziurawy-beret/batch/*-142.png,
/home/dziurawy-beret/batch/*-143.png,
/home/dziurawy-beret/batch/*-144.png,
/home/dziurawy-beret/batch/*-145.png,
/home/dziurawy-beret/batch/*-146.png,
/home/dziurawy-beret/batch/*-147.png,
/home/dziurawy-beret/batch/*-148.png,
/home/dziurawy-beret/batch/*-149.png,
/home/dziurawy-beret/batch/*-14.png,
/home/dziurawy-beret/batch/*-150.png,
/home/dziurawy-beret/batch/*-151.png,
/home/dziurawy-beret/batch/*-152.png,
/home/dziurawy-beret/batch/*-153.png,
/home/dziurawy-beret/batch/*-154.png,
/home/dziurawy-beret/batch/*-155.png,
/home/dziurawy-beret/batch/*-156.png,
/home/dziurawy-beret/batch/*-157.png,
/home/dziurawy-beret/batch/*-158.png,
/home/dziurawy-beret/batch/*-159.png,
/home/dziurawy-beret/batch/*-15.png,
/home/dziurawy-beret/batch/*-160.png,
/home/dziurawy-beret/batch/*-161.png,
/home/dziurawy-beret/batch/*-162.png,
/home/dziurawy-beret/batch/*-163.png,
/home/dziurawy-beret/batch/*-164.png,
/home/dziurawy-beret/batch/*-165.png,
/home/dziurawy-beret/batch/*-166.png,
/home/dziurawy-beret/batch/*-167.png,
/home/dziurawy-beret/batch/*-168.png,
/home/dziurawy-beret/batch/*-169.png,
/home/dziurawy-beret/batch/*-16.png,
/home/dziurawy-beret/batch/*-170.png,
/home/dziurawy-beret/batch/*-171.png,
/home/dziurawy-beret/batch/*-172.png,
/home/dziurawy-beret/batch/*-173.png,
/home/dziurawy-beret/batch/*-174.png,
/home/dziurawy-beret/batch/*-175.png,
/home/dziurawy-beret/batch/*-176.png,
/home/dziurawy-beret/batch/*-177.png,
/home/dziurawy-beret/batch/*-178.png,
/home/dziurawy-beret/batch/*-179.png,
/home/dziurawy-beret/batch/*-17.png,
/home/dziurawy-beret/batch/*-180.png,
/home/dziurawy-beret/batch/*-181.png,
/home/dziurawy-beret/batch/*-182.png,
/home/dziurawy-beret/batch/*-183.png,
/home/dziurawy-beret/batch/*-184.png,
/home/dziurawy-beret/batch/*-185.png,
/home/dziurawy-beret/batch/*-186.png,
/home/dziurawy-beret/batch/*-187.png,
/home/dziurawy-beret/batch/*-188.png,
/home/dziurawy-beret/batch/*-189.png,
/home/dziurawy-beret/batch/*-18.png,
/home/dziurawy-beret/batch/*-190.png,
/home/dziurawy-beret/batch/*-191.png,
/home/dziurawy-beret/batch/*-192.png,
/home/dziurawy-beret/batch/*-193.png,
/home/dziurawy-beret/batch/*-194.png,
/home/dziurawy-beret/batch/*-195.png,
/home/dziurawy-beret/batch/*-196.png,
/home/dziurawy-beret/batch/*-197.png,
/home/dziurawy-beret/batch/*-198.png,
/home/dziurawy-beret/batch/*-199.png,
/home/dziurawy-beret/batch/*-19.png,
/home/dziurawy-beret/batch/*-1.png,
/home/dziurawy-beret/batch/*-200.png,
/home/dziurawy-beret/batch/*-201.png,
/home/dziurawy-beret/batch/*-202.png,
/home/dziurawy-beret/batch/*-203.png,
/home/dziurawy-beret/batch/*-204.png,
/home/dziurawy-beret/batch/*-205.png,
/home/dziurawy-beret/batch/*-206.png,
/home/dziurawy-beret/batch/*-207.png,
/home/dziurawy-beret/batch/*-208.png,
/home/dziurawy-beret/batch/*-209.png,
/home/dziurawy-beret/batch/*-20.png,
/home/dziurawy-beret/batch/*-210.png,
/home/dziurawy-beret/batch/*-211.png,
/home/dziurawy-beret/batch/*-212.png,
/home/dziurawy-beret/batch/*-213.png,
/home/dziurawy-beret/batch/*-214.png,
/home/dziurawy-beret/batch/*-215.png,
/home/dziurawy-beret/batch/*-216.png,
/home/dziurawy-beret/batch/*-217.png,
/home/dziurawy-beret/batch/*-218.png,
/home/dziurawy-beret/batch/*-219.png,
/home/dziurawy-beret/batch/*-21.png,
/home/dziurawy-beret/batch/*-220.png,
/home/dziurawy-beret/batch/*-221.png,
/home/dziurawy-beret/batch/*-222.png,
/home/dziurawy-beret/batch/*-223.png,
/home/dziurawy-beret/batch/*-224.png,
/home/dziurawy-beret/batch/*-225.png,
/home/dziurawy-beret/batch/*-226.png,
/home/dziurawy-beret/batch/*-227.png,
/home/dziurawy-beret/batch/*-228.png,
/home/dziurawy-beret/batch/*-229.png,
/home/dziurawy-beret/batch/*-22.png,
/home/dziurawy-beret/batch/*-230.png,
/home/dziurawy-beret/batch/*-231.png,
/home/dziurawy-beret/batch/*-232.png,
/home/dziurawy-beret/batch/*-233.png,
/home/dziurawy-beret/batch/*-234.png,
/home/dziurawy-beret/batch/*-235.png,
/home/dziurawy-beret/batch/*-236.png,
/home/dziurawy-beret/batch/*-237.png,
/home/dziurawy-beret/batch/*-238.png,
/home/dziurawy-beret/batch/*-239.png,
/home/dziurawy-beret/batch/*-23.png,
/home/dziurawy-beret/batch/*-240.png,
/home/dziurawy-beret/batch/*-241.png,
/home/dziurawy-beret/batch/*-242.png,
/home/dziurawy-beret/batch/*-243.png,
/home/dziurawy-beret/batch/*-244.png,
/home/dziurawy-beret/batch/*-245.png,
/home/dziurawy-beret/batch/*-246.png,
/home/dziurawy-beret/batch/*-247.png,
/home/dziurawy-beret/batch/*-248.png,
/home/dziurawy-beret/batch/*-249.png,
/home/dziurawy-beret/batch/*-24.png,
/home/dziurawy-beret/batch/*-250.png,
/home/dziurawy-beret/batch/*-251.png,
/home/dziurawy-beret/batch/*-252.png,
/home/dziurawy-beret/batch/*-253.png,
/home/dziurawy-beret/batch/*-254.png,
/home/dziurawy-beret/batch/*-255.png,
/home/dziurawy-beret/batch/*-256.png,
/home/dziurawy-beret/batch/*-257.png,
/home/dziurawy-beret/batch/*-258.png,
/home/dziurawy-beret/batch/*-259.png,
/home/dziurawy-beret/batch/*-25.png,
/home/dziurawy-beret/batch/*-260.png,
/home/dziurawy-beret/batch/*-261.png,
/home/dziurawy-beret/batch/*-262.png,
/home/dziurawy-beret/batch/*-263.png,
/home/dziurawy-beret/batch/*-264.png,
/home/dziurawy-beret/batch/*-265.png,
/home/dziurawy-beret/batch/*-266.png,
/home/dziurawy-beret/batch/*-267.png,
/home/dziurawy-beret/batch/*-268.png,
/home/dziurawy-beret/batch/*-269.png,
/home/dziurawy-beret/batch/*-26.png,
/home/dziurawy-beret/batch/*-270.png,
/home/dziurawy-beret/batch/*-271.png,
/home/dziurawy-beret/batch/*-272.png,
/home/dziurawy-beret/batch/*-273.png,
/home/dziurawy-beret/batch/*-274.png,
/home/dziurawy-beret/batch/*-275.png,
/home/dziurawy-beret/batch/*-276.png,
/home/dziurawy-beret/batch/*-277.png,
/home/dziurawy-beret/batch/*-278.png,
/home/dziurawy-beret/batch/*-279.png,
/home/dziurawy-beret/batch/*-27.png,
/home/dziurawy-beret/batch/*-280.png,
/home/dziurawy-beret/batch/*-281.png,
/home/dziurawy-beret/batch/*-282.png,
/home/dziurawy-beret/batch/*-283.png,
/home/dziurawy-beret/batch/*-284.png,
/home/dziurawy-beret/batch/*-285.png,
/home/dziurawy-beret/batch/*-286.png,
/home/dziurawy-beret/batch/*-287.png,
/home/dziurawy-beret/batch/*-288.png,
/home/dziurawy-beret/batch/*-289.png,
/home/dziurawy-beret/batch/*-28.png,
/home/dziurawy-beret/batch/*-290.png,
/home/dziurawy-beret/batch/*-291.png,
/home/dziurawy-beret/batch/*-292.png,
/home/dziurawy-beret/batch/*-293.png,
/home/dziurawy-beret/batch/*-294.png,
/home/dziurawy-beret/batch/*-295.png,
/home/dziurawy-beret/batch/*-296.png,
/home/dziurawy-beret/batch/*-297.png,
/home/dziurawy-beret/batch/*-298.png,
/home/dziurawy-beret/batch/*-299.png,
/home/dziurawy-beret/batch/*-29.png,
/home/dziurawy-beret/batch/*-2.png,
/home/dziurawy-beret/batch/*-300.png,
/home/dziurawy-beret/batch/*-301.png,
/home/dziurawy-beret/batch/*-302.png,
/home/dziurawy-beret/batch/*-303.png,
/home/dziurawy-beret/batch/*-304.png,
/home/dziurawy-beret/batch/*-305.png,
/home/dziurawy-beret/batch/*-306.png,
/home/dziurawy-beret/batch/*-307.png,
/home/dziurawy-beret/batch/*-308.png,
/home/dziurawy-beret/batch/*-309.png,
/home/dziurawy-beret/batch/*-30.png,
/home/dziurawy-beret/batch/*-310.png,
/home/dziurawy-beret/batch/*-311.png,
/home/dziurawy-beret/batch/*-312.png,
/home/dziurawy-beret/batch/*-313.png,
/home/dziurawy-beret/batch/*-314.png,
/home/dziurawy-beret/batch/*-315.png,
/home/dziurawy-beret/batch/*-316.png,
/home/dziurawy-beret/batch/*-317.png,
/home/dziurawy-beret/batch/*-318.png,
/home/dziurawy-beret/batch/*-319.png,
/home/dziurawy-beret/batch/*-31.png,
/home/dziurawy-beret/batch/*-320.png,
/home/dziurawy-beret/batch/*-321.png,
/home/dziurawy-beret/batch/*-322.png,
/home/dziurawy-beret/batch/*-323.png,
/home/dziurawy-beret/batch/*-324.png,
/home/dziurawy-beret/batch/*-325.png,
/home/dziurawy-beret/batch/*-326.png,
/home/dziurawy-beret/batch/*-327.png,
/home/dziurawy-beret/batch/*-328.png,
/home/dziurawy-beret/batch/*-329.png,
/home/dziurawy-beret/batch/*-32.png,
/home/dziurawy-beret/batch/*-330.png,
/home/dziurawy-beret/batch/*-331.png,
/home/dziurawy-beret/batch/*-332.png,
/home/dziurawy-beret/batch/*-333.png,
/home/dziurawy-beret/batch/*-334.png,
/home/dziurawy-beret/batch/*-335.png,
/home/dziurawy-beret/batch/*-336.png,
/home/dziurawy-beret/batch/*-337.png,
/home/dziurawy-beret/batch/*-338.png,
/home/dziurawy-beret/batch/*-339.png,
/home/dziurawy-beret/batch/*-33.png,
/home/dziurawy-beret/batch/*-340.png,
/home/dziurawy-beret/batch/*-341.png,
/home/dziurawy-beret/batch/*-342.png,
/home/dziurawy-beret/batch/*-343.png,
/home/dziurawy-beret/batch/*-344.png,
/home/dziurawy-beret/batch/*-345.png,
/home/dziurawy-beret/batch/*-346.png,
/home/dziurawy-beret/batch/*-347.png,
/home/dziurawy-beret/batch/*-348.png,
/home/dziurawy-beret/batch/*-349.png,
/home/dziurawy-beret/batch/*-34.png,
/home/dziurawy-beret/batch/*-350.png,
/home/dziurawy-beret/batch/*-351.png,
/home/dziurawy-beret/batch/*-352.png,
/home/dziurawy-beret/batch/*-353.png,
/home/dziurawy-beret/batch/*-354.png,
/home/dziurawy-beret/batch/*-355.png,
/home/dziurawy-beret/batch/*-356.png,
/home/dziurawy-beret/batch/*-357.png,
/home/dziurawy-beret/batch/*-358.png,
/home/dziurawy-beret/batch/*-359.png,
/home/dziurawy-beret/batch/*-35.png,
/home/dziurawy-beret/batch/*-360.png,
/home/dziurawy-beret/batch/*-361.png,
/home/dziurawy-beret/batch/*-362.png,
/home/dziurawy-beret/batch/*-363.png,
/home/dziurawy-beret/batch/*-364.png,
/home/dziurawy-beret/batch/*-365.png,
/home/dziurawy-beret/batch/*-366.png,
/home/dziurawy-beret/batch/*-36.png,
/home/dziurawy-beret/batch/*-37.png,
/home/dziurawy-beret/batch/*-38.png,
/home/dziurawy-beret/batch/*-39.png,
/home/dziurawy-beret/batch/*-3.png,
/home/dziurawy-beret/batch/*-40.png,
/home/dziurawy-beret/batch/*-41.png,
/home/dziurawy-beret/batch/*-42.png,
/home/dziurawy-beret/batch/*-43.png,
/home/dziurawy-beret/batch/*-44.png,
/home/dziurawy-beret/batch/*-45.png,
/home/dziurawy-beret/batch/*-46.png,
/home/dziurawy-beret/batch/*-47.png,
/home/dziurawy-beret/batch/*-48.png,
/home/dziurawy-beret/batch/*-49.png,
/home/dziurawy-beret/batch/*-4.png,
/home/dziurawy-beret/batch/*-50.png,
/home/dziurawy-beret/batch/*-51.png,
/home/dziurawy-beret/batch/*-52.png,
/home/dziurawy-beret/batch/*-53.png,
/home/dziurawy-beret/batch/*-54.png,
/home/dziurawy-beret/batch/*-55.png,
/home/dziurawy-beret/batch/*-56.png,
/home/dziurawy-beret/batch/*-57.png,
/home/dziurawy-beret/batch/*-58.png,
/home/dziurawy-beret/batch/*-59.png,
/home/dziurawy-beret/batch/*-5.png,
/home/dziurawy-beret/batch/*-60.png,
/home/dziurawy-beret/batch/*-61.png,
/home/dziurawy-beret/batch/*-62.png,
/home/dziurawy-beret/batch/*-63.png,
/home/dziurawy-beret/batch/*-64.png,
/home/dziurawy-beret/batch/*-65.png,
/home/dziurawy-beret/batch/*-66.png,
/home/dziurawy-beret/batch/*-67.png,
/home/dziurawy-beret/batch/*-68.png,
/home/dziurawy-beret/batch/*-69.png,
/home/dziurawy-beret/batch/*-6.png,
/home/dziurawy-beret/batch/*-70.png,
/home/dziurawy-beret/batch/*-71.png,
/home/dziurawy-beret/batch/*-72.png,
/home/dziurawy-beret/batch/*-73.png,
/home/dziurawy-beret/batch/*-74.png,
/home/dziurawy-beret/batch/*-75.png,
/home/dziurawy-beret/batch/*-76.png,
/home/dziurawy-beret/batch/*-77.png,
/home/dziurawy-beret/batch/*-78.png,
/home/dziurawy-beret/batch/*-79.png,
/home/dziurawy-beret/batch/*-7.png,
/home/dziurawy-beret/batch/*-80.png,
/home/dziurawy-beret/batch/*-81.png,
/home/dziurawy-beret/batch/*-82.png,
/home/dziurawy-beret/batch/*-83.png,
/home/dziurawy-beret/batch/*-84.png,
/home/dziurawy-beret/batch/*-85.png,
/home/dziurawy-beret/batch/*-86.png,
/home/dziurawy-beret/batch/*-87.png,
/home/dziurawy-beret/batch/*-88.png,
/home/dziurawy-beret/batch/*-89.png,
/home/dziurawy-beret/batch/*-8.png,
/home/dziurawy-beret/batch/*-90.png,
/home/dziurawy-beret/batch/*-91.png,
/home/dziurawy-beret/batch/*-92.png,
/home/dziurawy-beret/batch/*-93.png,
/home/dziurawy-beret/batch/*-94.png,
/home/dziurawy-beret/batch/*-95.png,
/home/dziurawy-beret/batch/*-96.png,
/home/dziurawy-beret/batch/*-97.png,
/home/dziurawy-beret/batch/*-98.png,
/home/dziurawy-beret/batch/*-99.png,
/home/dziurawy-beret/batch/*-9.png,